run_number,electrons,muons,pions,protons,act0,act1,act2,act3,act4,act5,beam_config,beam_momentum,cesar_file,comments,date,deadtime,end_time,lead_glass,run_config,shifter,start_time,status,target,trigger_config,T5_beam_mean_x,T5_beam_mean_x_error,T5_beam_mean_y,T5_beam_mean_y_error,T5_beam_sigma_x,T5_beam_sigma_x_error,T5_beam_sigma_y,T5_beam_sigma_y_error,act_indices,total_events
1566,1020,25786,101,60253,1.01,1.01,1.01,1.02,1.02,out,"pos. hadron, slit 1%",1500,1489,"e-veto 2, ACT 3,4 installed",15/4,750,16:35,OUT,Good_mpmt_beam v43,"Patrick, Xiaoyue",16:23,"Complete, good",Al200,LEP 5.1,-5.231468091757051,0.037183746202516466,-7.040548295820495,0.028731658792229664,28.085614647902986,0.05709686444915718,16.745634494655533,0.029421899621581815,"1.01, 1.01, 1.01, 1.02, 1.02, out",87160
1567,3024,66729,287,155607,1.01,1.01,1.01,1.02,1.02,out,"pos. hadron, slit 1%",1500,1489,"e-veto 2, ACT 3,4 installed",15/4,750,17:17,OUT,Good_mpmt_beam v43,"Patrick, Xiaoyue",16:53,"Complete, good",Al200,LEP 5.1,-5.116289940641947,0.020575095178063777,-7.012022758670084,0.015461816293738478,28.41032362072904,0.036301164645296424,16.835186414697453,0.019722024057388765,"1.01, 1.01, 1.01, 1.02, 1.02, out",225647
1570,4097,0,36017,184850,1.02,1.01,1.01,out,out,out,"pos. hadron, slit 1%",1500,1489,"e-veto 2, ACT 3,4 uninstalled",15/4,750,21:34,OUT,Good_mpmt_beam v43,"Patrick, Xiaoyue",20:34,"Complete, good",Al200,LEP 5.1,-5.812057156230698,0.02624381729179446,-6.82861142099559,0.020931373023691326,27.36470560536659,0.029953275898686016,16.085007763151086,0.015621258971366458,"1.02, 1.01, 1.01, out, out, out",224964
1571,6906,0,49738,233441,1.02,1.01,1.01,out,out,out,"pos. hadron, slit 1%",1400,1488,"e-veto 2, ACT 3,4 uninstalled",15/4,750,20:28,OUT,Good_mpmt_beam v43,"Patrick, Xiaoyue",21:40,"Complete, good",Al200,LEP 5.1,-6.130698171273341,0.02178730991944963,-6.345188884367583,0.018515761362552303,27.694184579816973,0.028125714018221615,16.702172732570165,0.014281104016939494,"1.02, 1.01, 1.01, out, out, out",290085
1589,2615,0,563,215491,1.02,1.01,1.01,out,out,out,"pos. hadron, slit 1%",1500,1489,"1500MeV/c 1pc pre-scale 15mm slit, 400cc post-trigger high rate test 750cc dead time",16/04,750,18:51,OUT,Good_mpmt_beam v43,"Patrick, Bruno, Xiaoyue",18:07,"Complete, good",Al200,LEP 5.1,-6.096121665562599,0.012745682837639861,-6.293636817547304,0.016576833903766342,27.133804350616217,0.035033353739320816,16.35563151350738,0.018236259527332876,"1.02, 1.01, 1.01, out, out, out",218669
1590,1440,0,324,129258,1.02,1.01,1.01,out,out,out,"pos. hadron, slit 1%",1500,1489,"1500MeV/c 1pc pre-scale 15mm slit, 12500cc post-trigger high rate test 13000cc dead time, beam spill coming in every ~35 s, had to stop run after ROOT Writer Error due to large file sizes",16/04,13000,19:53,OUT,Good_mpmt_beam v46,"Patrick, Bruno, Xiaoyue",19:10,"Complete, errors",Al200,LEP 5.1,-5.808242287410942,0.009699488767972136,-7.777985243615209,0.009927063157278098,28.548154054904288,0.028783897125672198,17.2987603217448,0.01602306088961214,"1.02, 1.01, 1.01, out, out, out",131022
1593,13667,7900,80106,67223,1.01,1.01,1.01,1.015,1.015,1.015,"pos. hadron, slit 1%",770,1495,,17/04,750,01:52,OUT,Good_mpmt_beam v43,"Adam, Annalisa",00:30,"Complete, good",Al200,LEP 5.1,-3.9455289741334103,0.026777600837952793,-1.3882887387848826,0.018385388873734053,34.12491425804085,0.010030869392991804,24.29336433530929,0.01845342761020241,"1.01, 1.01, 1.01, 1.015, 1.015, 1.015",168896
1598,43417,27776,249015,210611,1.01,1.01,1.01,1.015,1.015,1.015,"pos. hadron, slit 1%",770,1495,,17/04,750,06:58,OUT,Good_mpmt_beam v43,"Adam, Annalisa",05:40,"Complete, errors",Al200,LEP 5.1,-4.35337754900685,0.02439038768310746,-1.361184162737157,0.019488482597706403,34.24910023778659,0.010285437517957519,24.31490683233716,0.018515780678121985,"1.01, 1.01, 1.01, 1.015, 1.015, 1.015",530819
1602,81860,47075,418354,355436,1.01,1.01,1.01,1.015,1.015,1.015,"pos. hadron, slit 1%",770,1495,,17/04,750,11:48,OUT,Good_mpmt_beam v43,"Jiri, Kamila",09:44,"Complete, good",Al200,LEP 5.1,-4.04734463837784,0.012959313689892815,-1.2579697673863215,0.015097328685412945,34.309936100659925,0.008350014064852473,24.355488137997593,0.014912136470897508,"1.01, 1.01, 1.01, 1.015, 1.015, 1.015",902725
1606,60226,30195,341112,286705,1.01,1.01,1.01,1.015,1.015,1.015,"pos. hadron, slit 1%",780,1365,,17/04,750,14:51,OUT,Good_mpmt_beam v43,"Jiri, Kamila",12:48,"Complete, good",Al200,LEP 5.1,-3.884139138750992,0.013222063969900553,1.1882401082760286,0.016502525662569396,34.094615852867925,0.010152852505022736,24.41871317667976,0.01583316286626335,"1.01, 1.01, 1.01, 1.015, 1.015, 1.015",718238
1608,67567,36682,376058,321632,1.01,1.01,1.01,1.015,1.015,1.015,"pos. hadron, slit 1%",780,1365,Dropped packets when the run was stopped,17/04,750,17:23,OUT,Good_mpmt_beam v43,"Jiri, Kamila",15:08,"Complete, errors",Al200,LEP 5.1,-3.9928491204220498,0.011872730882546123,1.1583442890641886,0.01644661549291755,33.965310054529475,0.009958300935952735,24.42988160448654,0.015266578597206149,"1.01, 1.01, 1.01, 1.015, 1.015, 1.015",801939
1610,70640,34043,352829,293948,1.01,1.01,1.01,1.015,1.015,1.015,"pos. hadron, slit 1%",760,1496,,17/04,750,20:13,OUT,Good_mpmt_beam v43,"Patrick, Xiaoyue",18:01,"Complete, good",Al200,LEP 5.1,-4.119184504046524,0.014925375496284218,-2.866493774165151,0.015774247194319656,34.14612497846911,0.008325928702412,24.16156647645182,0.016665300630915425,"1.01, 1.01, 1.01, 1.015, 1.015, 1.015",751460
1612,63873,31631,324004,272151,1.01,1.01,1.01,1.015,1.015,1.015,"pos. hadron, slit 1%",760,1496,"ZT9XCHV015 jaw 1 -30.4, jaw2 29.98",17/04,750,22:47,OUT,Good_mpmt_beam v43,"Patrick, Xiaoyue",20:43,"Complete, good",Al200,LEP 5.1,-4.253855844152258,0.03395444346401714,-2.8274763655169166,0.024661006838865688,34.11759531550332,0.026111752102448094,24.14220330723355,0.01765780523360938,"1.01, 1.01, 1.01, 1.015, 1.015, 1.015",691659
1855,4452,2648,23281,19976,1.01,1.01,1.01,1.015,1.015,1.015,"pos. hadron, slit 2%",780,1365,,29/04,1050,14:05,OUT,Good_mpmt_beam v44,"David, Laurence",13:47,"Complete, good",Al200,LEP 5.1,-3.211358470154723,0.08346021736754677,-0.7162183551999056,0.09277768548622498,33.935752271157774,0.08514803582844266,23.814275421294102,0.06263154461231046,"1.01, 1.01, 1.01, 1.015, 1.015, 1.015",50357
1856,43442,25134,259490,225792,1.01,1.01,1.01,1.015,1.015,1.015,"pos. hadron, slit 2%",780,1365,,29/04,1050,18:29,OUT,Good_mpmt_beam v44,"Robert, Julian",15:05,"Complete, good",Al200,LEP 5.1,-2.708855535395889,0.01882846556579495,-0.9695145205250226,0.02360874753960182,33.78222104875561,0.006968220151023274,24.0036668040031,0.019042379744233173,"1.01, 1.01, 1.01, 1.015, 1.015, 1.015",553858
1858,26061,15150,152654,131719,1.01,1.01,1.01,1.015,1.015,1.015,"pos. hadron, slit 1 %",780,1365,,29/04,1050,21:19,OUT,hardware_trigger v1,"Robert, Julian",20:12,"Complete, good",Al200,LEP 5.1,-2.5112952059784965,0.028965502623783397,-0.24861437747681153,0.028980438890210018,33.26581086201579,0.01156072831050281,23.33383170932672,0.023999807653684258,"1.01, 1.01, 1.01, 1.015, 1.015, 1.015",325584
1859,49706,30996,295458,264822,1.01,1.01,1.01,1.015,1.015,1.015,"pos. hadron, slit 1 %",780,1365,Collimator opened from 25 to 50,29/04,1050,12:40,OUT,hardware_trigger v1,"Robert, Julian",21:40,"Complete, good",Al200,LEP 5.1,-2.4744352847759337,0.019028875870010033,0.01105219345165081,0.020257435556472678,33.49609739017595,0.008863138578373508,23.520611372668064,0.01681212621210726,"1.01, 1.01, 1.01, 1.015, 1.015, 1.015",640982
1863,8443,5420,49212,44013,1.01,1.01,1.01,1.015,1.015,1.015,"pos. hadron, slit 1 %",780,1365,"dropped packets [1, 45, 48, 91, 101]",30/04,1050,01:58,OUT,hardware_trigger v1,"Jasmine, Patrick",01:45,"Complete, errors",Al200,LEP 5.1,-3.0053240814017275,0.054343700025122094,-0.0574023461439572,0.06058108560614393,33.39302383387545,0.0573679784417358,23.547030230623445,0.04097921313491959,"1.01, 1.01, 1.01, 1.015, 1.015, 1.015",107088
1864,6498,4506,35885,32828,1.01,1.01,1.01,1.015,1.015,1.015,"pos. hadron, slit 1 %",780,1365,"dropped packets [1, 45, 48, 91, 101]",30/04,1050,02:14,OUT,hardware_trigger v1,"Jasmine, Patrick",02:04,"Complete, errors",Al200,LEP 5.1,-2.8788476283696895,0.06049637838181279,-0.06183682383789973,0.06796696613927139,33.471339671396336,0.0670324601740937,23.41258852894836,0.04578307529542691,"1.01, 1.01, 1.01, 1.015, 1.015, 1.015",79717
1866,53575,31496,308717,274620,1.01,1.01,1.01,1.015,1.015,1.015,"pos. hadron, slit 1 %",780,1365,dropped packets [45],30/04,1050,05:42,OUT,hardware_trigger v1,"Jasmine, Patrick",02:40,"Complete, good",Al200,LEP 5.1,-2.8985450284467644,0.01775367011600276,-0.11481850077913469,0.019653468153855276,33.49431870006036,0.007566776206797243,23.55967010312597,0.016128971184576457,"1.01, 1.01, 1.01, 1.015, 1.015, 1.015",668408
1868,51007,39451,305520,279373,1.01,1.01,1.01,1.015,1.015,1.015,"pos. hadron, slit 1 %",780,1365,dropped packets [45],30/04,1050,07:29,OUT,hardware_trigger v1,"Jasmine, Patrick",05:55,"Complete, good",Al200,LEP 5.1,-2.70736539132911,0.01815771591389379,-0.024141395563194962,0.019363736761664994,33.336974537109285,0.007720306738409732,23.453325534806087,0.015904847603373184,"1.01, 1.01, 1.01, 1.015, 1.015, 1.015",675351
1870,4378,0,126,244875,1.03,1.03,1.03,out,out,out,"pos. hadron, slit 1 %",1100,1485,dropped packets [45],30/04,1050,09:34,OUT,hardware_trigger v1,"Laurence,  David",08:46,"Complete, good",Al200,LEP 5.1,-3.580271882642198,0.02964184997530286,-1.8721802204548905,0.026595882429383308,29.121910362856863,0.01128800052018697,20.0945875350492,0.02177695494405185,"1.03, 1.03, 1.03, out, out, out",249379
1871,1925,0,51,108499,1.03,1.03,1.03,out,out,out,"pos. hadron, slit 1 %",1100,1485,dropped packets [45],30/04,1050,10:00,OUT,mPMT_hardware_trigger v1,"Laurence,  David",09:40,"Complete, good",Al200,LEP 5.1,-3.5714291371994356,0.042921688090118384,-1.8879661913351709,0.04068498909227866,29.259909939045933,0.02182434329415628,19.959692435232622,0.031943277636006684,"1.03, 1.03, 1.03, out, out, out",110475
1873,8552,0,418,469402,1.03,1.03,1.03,out,out,out,"pos. hadron, slit 1 %",1200,1486,,30/04,1050,11:23,OUT,mPMT_hardware_trigger v1,"Laurence,  David",10:17,"Complete, good",Al200,LEP 5.1,-5.843081777990687,0.027911176138371883,-3.2495833498245026,0.017777146020918358,28.534041637510754,0.01262152730403443,18.85406402466776,0.015381617772559864,"1.03, 1.03, 1.03, out, out, out",478372
1875,4715,0,402,371450,1.03,1.03,1.03,out,out,out,"pos. hadron, slit 1 %",1300,1487,,30/04,1050,12:40,OUT,mPMT_hardware_trigger v1,"Laurence,  David",11:36,"Complete, good",Al200,LEP 5.1,-5.8802851469778314,0.04006995351465408,-4.200010082775667,0.02692267341698261,27.761340423026144,0.030779047180988783,17.934119498145424,0.01732275944699957,"1.03, 1.03, 1.03, out, out, out",376567
1877,4869,0,787,493106,1.03,1.03,1.03,out,out,out,"pos. hadron, slit 1 %",1400,1488,,30/04,1050,14:24,OUT,mPMT_hardware_trigger v1,"Laurence,  David",13:02,"Complete, good",Al200,LEP 5.1,-5.974557586518094,0.02461374934279187,-4.994114349754928,0.0184385308159012,27.10747603556768,0.01850443682424263,17.097054183471094,0.011690125084273362,"1.03, 1.03, 1.03, out, out, out",498762
1878,895,0,177,88542,1.03,1.03,1.03,out,out,out,"pos. hadron, slit 2%",1400,1488,,30/04,1050,14:39,OUT,mPMT_hardware_trigger v1,"Laurence,  David",14:31,"Complete, good",Al200,LEP 5.1,-5.318308385180577,0.05219315734902738,-4.357818959603935,0.04287471108105046,27.58360164865144,0.04419916181525352,17.404899395427538,0.023821935453019805,"1.03, 1.03, 1.03, out, out, out",89614
1879,454,0,32090,739,1.03,1.03,1.03,out,out,out,"pos. hadron, slit 2%",1400,1488,"RBU failed high rate test at 6000 triggers per spill, RBU crashed",30/04,1050,14:55,OUT,mPMT_hardware_trigger v1,"Laurence,  David",14:47,"Complete, good",Al200,LEP 5.1,-4.761595033263438,0.131112372231289,-4.025141608550145,0.08270798316943048,28.071964140266342,0.10099449260514959,17.490689913956096,0.05598969762093198,"1.03, 1.03, 1.03, out, out, out",33283
1881,882,0,121,62981,1.03,1.03,1.03,out,out,out,"pos. hadron, slit 2%",1400,1488,,30/04,1050,15:36,OUT,mPMT_hardware_trigger v1,"Robert, Julian",15:22,"Complete, good",Al200,LEP 5.1,-5.324659538945306,0.06306699283894492,-4.225238719836041,0.05185060663070537,27.613582635235897,0.055872282458812705,17.350453620006732,0.029230719978752262,"1.03, 1.03, 1.03, out, out, out",63984
1882,1368,0,4590,304815,1.03,1.03,1.03,out,out,out,"pos. hadron, slit 2%",1400,1488,,30/04,1050,16:28,OUT,mPMT_hardware_trigger v1,"Robert, Julian",15:40,"Complete, good",Al200,LEP 5.1,-4.962928650521153,0.02776131317379686,-4.2516232284962605,0.021249955872564057,27.751626934588575,0.022809623565683168,17.42258929922154,0.013641456479051683,"1.03, 1.03, 1.03, out, out, out",310773
2114,2784,837,19772,17319,1.01,1.01,1.01,1.015,1.015,out,"pos. hadron, slit 1%",780,1365,Run stopped to change beam configuration,11/05,1050,20:44,OUT,mPMT_hardware_trigger v4,"Jasmine, Yassine",20:19,"Complete, good",Al200,LEP 5.1,-2.9227460281224382,0.14364122603931853,0.27795674496222017,0.10330746837979893,32.8410533542869,0.10831884125498092,22.883832520639434,0.06739555878844783,"1.01, 1.01, 1.01, 1.015, 1.015, out",40712
2115,22640,18291,278396,210937,1.01,1.01,1.01,1.015,1.015,out,"pos. hadron, slit 2%",780,1365,stopped by mistake,11/05,1050,23:07,OUT,mPMT_hardware_trigger v4,"Jasmine, Yassine",20:51,"Complete, good",Al200,LEP 5.1,-2.2761765730975134,0.03570972999976296,0.36289832316575726,0.025630505033410095,33.42714172403369,0.02750641930438036,23.35196364348134,0.017265190726387658,"1.01, 1.01, 1.01, 1.015, 1.015, out",530264
2120,318,468,1743,1764,1.01,1.01,1.01,1.015,1.015,out,"pos. hadron, slit 2%",780,1365,test to check the mPMTs conditions,12/05,1050,01:09,OUT,mPMT_hardware_trigger v4,"Mastahsan, Ryotaro",00:59,"Complete, errors",Al200,LEP 5.1,-3.054736281112187,0.4264201116101148,-0.15239470916675799,0.31861367238976424,32.28405167489594,0.33207503280822337,23.504333950899053,0.229639895944862,"1.01, 1.01, 1.01, 1.015, 1.015, out",4293
2121,9524,12596,110689,85059,1.01,1.01,1.01,1.015,1.015,out,"pos. hadron, slit 2%",780,1365,RBU died,12/05,1050,01:40,OUT,mPMT_hardware_trigger v4,"Mastahsan, Ryotaro",01:15,"Complete, errors",Al200,LEP 5.1,-2.5242455798453753,0.031586347696095876,0.4391206453883249,0.03155228804523872,33.193221382278885,0.013445352373143038,23.306390603693615,0.023150905722674864,"1.01, 1.01, 1.01, 1.015, 1.015, out",217868
2122,11973,8757,136466,101148,1.01,1.01,1.01,1.015,1.015,out,"pos. hadron, slit 2%",780,1365,RBU died,12/05,1050,02:30,OUT,mPMT_hardware_trigger v4,"Mastahsan, Ryotaro",01:49,"Complete, errors",Al200,LEP 5.1,-2.7488815566609635,0.04870196537927013,0.4096042815937921,0.03478526268141673,33.50974833663397,0.037558169101902905,23.264553347700613,0.02342108287877842,"1.01, 1.01, 1.01, 1.015, 1.015, out",258344
2124,22475,18444,271878,200561,1.01,1.01,1.01,1.015,1.015,out,"pos. hadron, slit 2%",780,1365,RBU died,12/05,1050,03:56,OUT,mPMT_hardware_trigger v4,"Mastahsan, Ryotaro",02:48,"Complete, errors",Al200,LEP 5.1,-2.6756036939834966,0.01992971890337539,0.3508158062830123,0.019928189647361566,33.4310685603455,0.007872310227213575,23.344952362279813,0.01584997299455715,"1.01, 1.01, 1.01, 1.015, 1.015, out",513358
2125,11813,14905,132262,102295,1.01,1.01,1.01,1.015,1.015,out,"pos. hadron, slit 2%",780,1365,RBU died,12/05,1050,06:00,OUT,mPMT_hardware_trigger v4,"Mastahsan, Ryotaro",04:04,"Complete, errors",Al200,LEP 5.1,-2.3654088605190102,0.019726250282970887,0.35486669006463506,0.020242477220090628,33.45088265374844,0.007604263386813415,23.327092604690165,0.01592385028989085,"1.01, 1.01, 1.01, 1.015, 1.015, out",261275
2127,5388,3137,63474,45892,1.01,1.01,1.01,1.015,1.015,out,"pos. hadron, slit 2%",780,1365,RBU died,12/05,1050,06:30,OUT,mPMT_hardware_trigger v4,"Mastahsan, Ryotaro",06:15,"Complete, errors",Al200,LEP 5.1,-2.150226855786704,0.0406957782106943,0.35976533944647454,0.040329080377773135,33.40600862298902,0.013690302180545899,23.243948815105476,0.03117231630531414,"1.01, 1.01, 1.01, 1.015, 1.015, out",117891
2128,1844,1382,21301,15912,1.01,1.01,1.01,1.015,1.015,out,"pos. hadron, slit 2%",780,1365,RBU died,12/05,1050,06:44,OUT,mPMT_hardware_trigger v4,"Mastahsan, Ryotaro",06:37,"Complete, errors",Al200,LEP 5.1,-2.580100338845116,0.08344601427682231,0.4181776925220555,0.07144069092778174,33.36239526267722,0.02840393443621636,23.109786621575406,0.05893967305060421,"1.01, 1.01, 1.01, 1.015, 1.015, out",40439
2132,3779,2264,25696,22529,1.01,1.01,1.01,1.015,1.015,out,"pos. hadron, slit 1 %",780,1365,"using Create RBU3, the list were moved from +-6 to +-3",12/05,1050,08:25,OUT,mPMT_hardware_trigger v4,"Edgar, Saul",08:10,"Complete, good",Al200,LEP 5.1,-2.8581710793738764,0.0696662523483689,-0.13096306543271027,0.070795255396434,32.51920291842998,0.06227888067436638,23.169521137981498,0.04429562636810758,"1.01, 1.01, 1.01, 1.015, 1.015, out",54268
2133,15163,10216,98500,89241,1.01,1.01,1.01,1.015,1.015,out,"pos. hadron, slit 1 %",780,1365,,12/05,1050,09:10,OUT,mPMT_hardware_trigger v4,"Edgar, Saul",08:31,"Complete, good",Al200,LEP 5.1,-2.4175871419326365,0.034407353883746036,0.13107725344964444,0.03552837071274289,32.918667891585855,0.01782183272575466,23.35393798313555,0.02671252975818028,"1.01, 1.01, 1.01, 1.015, 1.015, out",213120
2138,55952,32003,325805,295980,1.01,1.01,1.01,1.015,1.015,out,"pos. hadron, slit 1 %",780,1365,,12/05,1050,20:59,OUT,mPMT_hardware_trigger v4,"Jasmine, Yassine",17:59,"Complete, good",Al200,LEP 5.1,-2.9070397944287896,0.019582351262671403,0.19639253063783702,0.021395574373956706,33.343556735976634,0.006680388488728539,23.327252361009236,0.015479673702991192,"1.01, 1.01, 1.01, 1.015, 1.015, out",709740
2140,51306,32948,326354,293307,1.01,1.01,1.01,1.015,1.015,out,"pos. hadron, slit 1 %",780,1365,,12/05,1050,00:20,OUT,mPMT_hardware_trigger v4,"Jasmine, Yassine",21:17,"Complete, good",Al200,LEP 5.1,-3.0566019525063934,0.020747234277315653,0.23642541774866058,0.020473286288601008,33.261623523463335,0.007379890815119694,23.183310187519226,0.01580941971225336,"1.01, 1.01, 1.01, 1.015, 1.015, out",703915
2142,51453,33742,334261,301126,1.01,1.01,1.01,1.015,1.015,out,"pos. hadron, slit 1 %",780,1365,,13/05,1050,03:46,OUT,mPMT_hardware_trigger v4,"Mastahsan, Ryotaro",00:39,"Complete, good",Al200,LEP 5.1,-2.625559473979594,0.01957411644855294,0.15791591767731927,0.020591607678661077,32.964809584287266,0.005307865925622934,23.24905418123356,0.015593489200382393,"1.01, 1.01, 1.01, 1.015, 1.015, out",720582
2144,50136,33660,331480,297669,1.01,1.01,1.01,1.015,1.015,out,"pos. hadron, slit 1 %",780,1365,,13/05,1050,07:02,OUT,mPMT_hardware_trigger v4,"Mastahsan, Ryotaro, Elena, Saul",04:03,"Complete, good",Al200,LEP 5.1,-2.777425772023374,0.021096198422771224,0.21330061519399685,0.019911289023947693,32.88612202012665,0.00568556892727301,23.21926220814233,0.015626427899295692,"1.01, 1.01, 1.01, 1.015, 1.015, out",712945
2147,52273,46460,316995,300011,1.01,1.01,1.01,1.015,1.015,out,"pos. hadron, slit 1 %",780,1365,,13/05,1050,10:51,OUT,mPMT_hardware_trigger v4,"Elena, Saul",07:30,"Complete, good",Al200,LEP 5.1,-2.857419515395864,0.019999389288298045,0.2559862925769729,0.020928122463048603,32.884739477148784,0.005560043393032288,23.30548938476339,0.015636762840493645,"1.01, 1.01, 1.01, 1.015, 1.015, out",715739
2222,40661,468,11275,5585,1.01,1.01,1.01,1.015,1.015,out,"pos. hadron, slit 1%",800,1498,RBU died. All mPMTs dropping packets,16/05,1000,19:10,OUT,mPMT_hardware_trigger v5,"Anna, Xiaoyue",18:35,"Complete, errors",Al200,LEP 5.1,-3.9428881865072394,0.02679052222323072,-1.041571058134315,0.022357253258180956,34.78080008281066,0.02512743281560148,22.037499129520633,0.015028065771716115,"1.01, 1.01, 1.01, 1.015, 1.015, out",57989
2223,13611,133,3712,1737,1.01,1.01,1.01,1.015,1.015,out,"pos. hadron, slit 1%",800,1498,RBU died,16/05,1000,19:25,OUT,mPMT_hardware_trigger v5,"Anna, Xiaoyue",19:17,"Complete, errors",Al200,LEP 5.1,-3.8543464613236407,0.03923216037442137,-1.1001193387579586,0.03786659184023395,34.760100680668934,0.04364942317284104,22.120490820996004,0.02526522309764445,"1.01, 1.01, 1.01, 1.015, 1.015, out",19193
2224,19308,205,5300,2632,1.01,1.01,1.01,1.015,1.015,out,"pos. hadron, slit 1%",800,1498,RBU died. All mPMTs dropping packets,16/05,1000,19:41,OUT,mPMT_hardware_trigger v5,"Anna, Xiaoyue",19:30,"Complete, errors",Al200,LEP 5.1,-4.163392972954555,0.05394182495976131,-1.2145249460662144,0.04373526557219912,34.69541872783979,0.046380608408998825,21.879932694792654,0.029905360536181647,"1.01, 1.01, 1.01, 1.015, 1.015, out",27445
2225,119819,877,30816,15361,1.01,1.01,1.01,1.015,1.015,out,"pos. hadron, slit 1%",800,1498,Further reduced beam collimator.,16/05,1000,20:25,OUT,mPMT_hardware_trigger v5,"Anna, Xiaoyue",19:50,"Complete, good",Al200,LEP 5.1,-3.8440533681938733,0.02742998092333442,-1.1970360769499406,0.02199103702736123,34.6914602101387,0.023406835825689143,21.893090323919655,0.015433809627406703,"1.01, 1.01, 1.01, 1.015, 1.015, out",166873
2226,195246,1093,6327,4074,1.01,1.01,1.01,1.015,1.015,out,"pos. hadron, slit 1%",800,1498,This run is weird. The first 30min to an hour probably can't be matched with VME reliably. Trigger config changed a few times mid run but should still be useable,16/05,1000,21:59,OUT,mPMT_hardware_trigger v5,"Anna, Xiaoyue",20:34,"Complete, errors",Al200,LEE v5.1,-3.4691895050642425,0.02677360220998629,-1.5409362943178986,0.022550250913232275,34.986418882431195,0.02587406547671378,21.693018337287146,0.015347568691035818,"1.01, 1.01, 1.01, 1.015, 1.015, out",206740
2227,124995,908,3959,2723,1.01,1.01,1.01,1.015,1.015,out,"pos. hadron, slit 1%",800,1498,,16/05,1000,23:25,OUT,mPMT_hardware_trigger v5,"Anna, Xiaoyue",22:04,"Complete, good",Al200,LEE v5.1,-3.683681271007603,0.02765673843192764,-1.4630262933136386,0.0227954096269393,35.06478369724214,0.025857071657672037,21.70585962059873,0.015155497264375484,"1.01, 1.01, 1.01, 1.015, 1.015, out",132585
2230,158226,986,5513,3443,1.01,1.01,1.01,1.015,1.015,out,"pos. hadron, slit 1%",800,1498,,16/05,1000,02:00,OUT,mPMT_hardware_trigger v5,"Koun, Mustahsan",00:37,"Complete, errors",Al200,LEE v5.1,-3.8261094541817284,0.02519381313006207,-1.4432681789722372,0.022984373962209002,34.88530408903062,0.026857055935273877,21.73279772830379,0.015009499730339826,"1.01, 1.01, 1.01, 1.015, 1.015, out",168168
2238,217559,2144,6803,4597,1.01,1.01,1.01,1.015,1.015,out,"pos. hadron, slit 1%",800,1498,"03:54 mPMTs have dropped packets [27, 45, 48, 75, 87, 91, 101, 109, 114]",17/05,1000,05:50,OUT,mPMT_hardware_trigger v5,"Koun, Mustahsan",03:54,"Complete, errors",Al200,LEE v5.1,-2.957423979166738,0.02661324504343995,-1.5603956312685692,0.0206943834159139,35.154865041231716,0.023918288289216605,21.659337078598945,0.014429855580280204,"1.01, 1.01, 1.01, 1.015, 1.015, out",231103
2239,137557,1653,3750,2913,1.01,1.01,1.01,1.015,1.015,out,"pos. hadron, slit 1%",800,1498,Dropped packets. Run aborted due to no beam. RBU died,17/05,1000,08:30,OUT,mPMT_hardware_trigger v5,"Koun, Mustahsan, Andrzej, Elena",05:53,"Complete, errors",Al200,LEE v5.1,-3.4077197395540373,0.02733487352999801,-1.5372324840268508,0.020368982301830523,35.08984982680082,0.023731565212038674,21.671987459431065,0.01456816517741899,"1.01, 1.01, 1.01, 1.015, 1.015, out",145873
2240,98535,566,3433,2138,1.01,1.01,1.01,1.015,1.015,out,"pos. hadron, slit 1%",800,1498,Dropped packets. RBU died,17/05,1000,09:42,OUT,mPMT_hardware_trigger v5,"Andrzej, Elena",08:40,"Complete, errors",Al200,LEE v5.1,-3.2169179304565856,0.031178443303850042,-1.547593547350969,0.022847041212330124,35.17890886862106,0.026303586916856858,21.649179537896146,0.016459629158408262,"1.01, 1.01, 1.01, 1.015, 1.015, out",104672
2241,124762,1737,3415,2616,1.01,1.01,1.01,1.015,1.015,out,"pos. hadron, slit 1%",800,1498,Dropped packets,17/05,1000,10:13,OUT,mPMT_hardware_trigger v5,"Andrzej, Elena",09:48,"Complete, good",Al200,LEE v5.1,-3.3430349413281877,0.028920350962736693,-1.6076648741868806,0.021366790175239174,35.157131695462134,0.024896975130182852,21.631652638449246,0.015495555653439297,"1.01, 1.01, 1.01, 1.015, 1.015, out",132530
2242,130786,906,4475,2744,1.01,1.01,1.01,1.015,1.015,out,"pos. hadron, slit 1%",800,1498,,17/05,1000,12:00,OUT,mPMT_hardware_trigger v5,"Andrzej, Elena",11:20,"Complete, errors",Al200,LEE v5.1,-3.246513645323875,0.014089529893090567,-1.599974818087018,0.021596779473924736,35.09921846869871,0.01083645919105436,21.628059315988597,0.015106226626535602,"1.01, 1.01, 1.01, 1.015, 1.015, out",138911
2243,353447,1764,11863,7225,1.01,1.01,1.01,1.015,1.015,out,"pos. hadron, slit 1%",800,1498,,17/05,1000,13:27,OUT,mPMT_hardware_trigger v5,"Andrzej, Elena",12:04,"Complete, good",Al200,LEE v5.1,-3.326047862851594,0.028459442107010742,-1.7577298034358178,0.022370365676964505,34.97935342235161,0.025373187441132927,21.659247936918135,0.015549978763441885,"1.01, 1.01, 1.01, 1.015, 1.015, out",374299
2274,142388,7291,5917,5787,1.01,1.01,1.01,1.015,1.015,out,"pos. hadron, slit 1%",950,1521,"Dropped packets, RBU died",18/05,1000,22:36,OUT,mPMT_hardware_trigger v5,"Anna, Xiaoyue",20:43,"Complete, errors",Al200,LEE v5.1,-2.2924408274893313,0.015578297388259211,-2.3106808709552187,0.02084286981436743,33.68122110295957,0.014053606550831432,20.18844528873363,0.013514493286901796,"1.01, 1.01, 1.01, 1.015, 1.015, out",161383
2276,77741,3987,3259,3171,1.01,1.01,1.01,1.015,1.015,out,"pos. hadron, slit 1%",950,1521,"Dropped packets, RBU died",18/05,1000,23:12,OUT,mPMT_hardware_trigger v5,"Anna, Xiaoyue",22:50,"Complete, errors",Al200,LEE v5.1,-2.508871163948471,0.022180173785091257,-2.36609777424602,0.02409948870929042,33.653417183392904,0.017695360579626396,20.209945032687507,0.015561931713719446,"1.01, 1.01, 1.01, 1.015, 1.015, out",88158
2277,45172,2205,1767,1753,1.01,1.01,1.01,1.015,1.015,out,"pos. hadron, slit 1%",950,1521,"Dropped packets, RBU died",18/05,1000,23:30,OUT,mPMT_hardware_trigger v5,"Koun, Mustahsan",23:21,"Complete, errors",Al200,LEE v5.1,-2.4908910761871166,0.05145909081469874,-2.4838803463574815,0.03970505192229153,33.31491712892681,0.04049166702046847,20.083533269518764,0.024291946714772195,"1.01, 1.01, 1.01, 1.015, 1.015, out",50897
2278,200341,9556,8166,7930,1.01,1.01,1.01,1.015,1.015,out,"pos. hadron, slit 1%",950,1521,"Dropped packets, RBU died",18/05,1000,00:59,OUT,mPMT_hardware_trigger v5,"Koun, Mustahsan",23:35,"Complete, errors",Al200,LEE v5.1,-2.2375568001606903,0.016325859612408268,-2.6933812923947134,0.02053754060288953,33.35526712277277,0.014797016302974697,20.09947344519091,0.01387521945796344,"1.01, 1.01, 1.01, 1.015, 1.015, out",225993
2279,6395,311,322,273,1.01,1.01,1.01,1.015,1.015,out,"pos. hadron, slit 1%",950,1521,"Dropped packets, RBU died",19/05,1000,01;11,OUT,mPMT_hardware_trigger v5,"Koun, Mustahsan",01:05,"Complete, errors",Al200,LEE v5.1,-2.2097224510464764,0.10687430600174148,-2.731658586120284,0.09321426513568508,32.972583576089974,0.11877403294177569,19.96064741220082,0.07423968510355294,"1.01, 1.01, 1.01, 1.015, 1.015, out",7301
2280,246886,11888,9815,9652,1.01,1.01,1.01,1.015,1.015,out,"pos. hadron, slit 1%",950,1521,,19/05,1000,03:46,OUT,mPMT_hardware_trigger v5,"Koun, Mustahsan",01:16,"Complete, good",Al200,LEE v5.1,-2.369806080176577,0.017915166515087518,-2.6256994341105204,0.02054998594145912,33.28471208589664,0.014981658650178531,20.123762209424786,0.013751337606677794,"1.01, 1.01, 1.01, 1.015, 1.015, out",278241
2284,770,152,9211,262764,1.03,1.03,1.03,1.15,1.15,out,"pos. hadron, slit 2%",1100,1485,Stop because ACT2-R does not have any data,19/05,1050,10:31,OUT,mPMT_hardware_trigger v5,Andrzej x 2,09:51,"Complete, good",Al200,LEP 5.1,-2.6425945349957565,0.013691797302242539,-1.1390732660906882,0.013914638622926166,31.993427118939987,0.011250543044853956,22.638819304594975,0.017595329673108395,"1.03, 1.03, 1.03, 1.15, 1.15, out",272897
2288,218,102,5261,121452,1.03,1.03,1.03,1.15,1.15,out,"pos. hadron, slit 2%",1100,1485,PT1 error shutting off pump again.,19/05,1050,16:17,OUT,mPMT_hardware_trigger v5,"Xiaoyue, Rituparna",16:04,"Complete, good",Al200,LEP 5.1,-2.413993110842955,0.04291620851381334,-1.15841698970141,0.04687763098312365,31.816065057982893,0.03263502900053972,22.439706324058484,0.031282563544607456,"1.03, 1.03, 1.03, 1.15, 1.15, out",127033
2292,371,181,11916,315757,1.03,1.03,1.03,1.15,1.15,out,"pos. hadron, slit 2%",1100,1485,"mPMTs dropped packets, RBU died.",19/05,1050,21:50,OUT,mPMT_hardware_trigger v5,"Xiaoyue, Rituparna",20:20,"Complete, errors",Al200,LEP 5.1,-2.4166539475625863,0.012014985027324617,-1.170885958414393,0.00880791925595995,31.73877200990755,0.009265993934373995,22.539124104090345,0.01301235428993941,"1.03, 1.03, 1.03, 1.15, 1.15, out",328225
2293,18757,156,637,742170,1.03,1.03,1.03,1.15,1.15,out,"pos. hadron, slit 1%",1100,1485,,19/05,1050,01:58,OUT,mPMT_hardware_trigger v5,"Xiaoyue, Rituparna",22:01,"Complete, good",Al200,LEP 5.1,-3.1726136571461327,0.01742822093951594,-1.4739817780089168,0.009479075819776268,31.034826934213648,0.005997489959071345,22.466687353912885,0.01225576196247502,"1.03, 1.03, 1.03, 1.15, 1.15, out",761720
2295,19936,210,583,732021,1.03,1.03,1.03,1.15,1.15,out,"pos. hadron, slit 1%",1100,1485,,20/05,1050,06:00,OUT,mPMT_hardware_trigger v5,"Mustahsan, Jacek Holeczek",2:14,"Complete, good",Al200,LEP 5.1,-3.088640959704786,0.011538223950417493,-1.5085510177983663,0.010431683743335127,31.176019886162933,0.009369623915285175,22.519622183426236,0.012686398260591147,"1.03, 1.03, 1.03, 1.15, 1.15, out",752750
2297,17642,116,498,560386,1.03,1.03,1.03,1.15,1.15,out,"pos. hadron, slit 1%",1100,1485,Stopped due to no beam,20/05,1050,08:01,OUT,mPMT_hardware_trigger v5,"Mustahsan, Jacek Holeczek",6:15,"Complete, good",Al200,LEP 5.1,-3.213931276365217,0.013498351291237642,-1.4376041182321637,0.010930001154266287,31.05066864877351,0.010867356373530868,22.50232430230103,0.014694830925947144,"1.03, 1.03, 1.03, 1.15, 1.15, out",578642
2299,23354,191,613,755173,1.03,1.03,1.03,1.15,1.15,out,"pos. hadron, slit 1%",1100,1485,,20/05,1050,10:34,OUT,mPMT_hardware_trigger v5,Adrzej x 2,8:20,"Complete, good",Al200,LEP 5.1,-3.2596554722522866,0.013283697034822567,-1.4581834314879474,0.00857573330292167,30.85483687551261,0.008694429940190318,22.50043257092236,0.012853494176868097,"1.03, 1.03, 1.03, 1.15, 1.15, out",779331
2300,285,199,7368,175787,1.03,1.03,1.03,1.15,1.15,out,"pos. hadron, slit 2%",1100,1485,"mPMTs dropped packets, RBU died.",20/05,1050,12:20,OUT,mPMT_hardware_trigger v5,Adrzej x 2,10:38,"Complete, good",Al200,LEP 5.1,-2.8031859660773972,0.011998463703639902,-1.058965858153675,0.006101387426473004,31.475341586662783,0.010720098990452342,22.56953433632059,0.013246894260621644,"1.03, 1.03, 1.03, 1.15, 1.15, out",183639
2301,94,42,2378,55325,1.03,1.03,1.03,1.15,1.15,out,"pos. hadron, slit 2%",1100,1485,,20/05,1050,12:34,OUT,mPMT_hardware_trigger v5,Adrzej x 2,12:26,"Complete, errors",Al200,LEP 5.1,-2.835758108747909,0.06071158929561825,-1.0298167165994387,0.05860111064869744,31.278617176365692,0.04318403444098706,22.576546392149424,0.04117901646274369,"1.03, 1.03, 1.03, 1.15, 1.15, out",57839
2304,125,1,35,32,1.03,1.03,1.03,1.15,1.15,out,"pos. hadron, slit 2%",1100,1485,,20/05,1050,15:18,OUT,mPMT_hardware_trigger v5,"Xiaoyue, Rituparna",15:10,"Complete, good",Al200,LEP 5.1,-3.1584549710956993,0.06986894516287959,-4.789249686649435,0.04260835348991097,34.249970674644764,0.024492437983276716,23.090852597009146,0.0401554375776243,"1.03, 1.03, 1.03, 1.15, 1.15, out",193
2344,30891,356,837,605,1.01,1.01,1.01,1.015,1.015,out,"pos. hadron, slit 1 %",800,1498,"mPMTs dropped packets, RBU died.",22/05,1000,13:32,OUT,mPMT_hardware_trigger v5,"John, Andrzej, XIaoyue",13:18,"Complete, errors",Al200,LEE v5.1,-3.605196226416138,0.07715868881656196,-1.3829083280369499,0.07265213437285953,33.45607493579131,0.07647825328975344,21.609551583132255,0.043691575242243985,"1.01, 1.01, 1.01, 1.015, 1.015, out",32689
2346,3300,1354,41526,29733,1.01,1.01,1.01,1.015,1.015,out,"pos. hadron, slit 2%",780,1365,"mPMTs dropped packets, RBU died.",22/05,1050,14:05,OUT,mPMT_hardware_trigger v5,"John, Andrzej, XIaoyue",13:55,"Complete, errors",Al200,LEP 5.1,-3.181021658254774,0.061885379620441994,0.23896185905340142,0.05275326810252941,32.98825236682315,0.028929714062787326,23.312417943155392,0.04228466740132397,"1.01, 1.01, 1.01, 1.015, 1.015, out",75913
2347,7521,2330,88347,62795,1.01,1.01,1.01,1.015,1.015,out,"pos. hadron, slit 2%",780,1365,,22/05,1050,14:35,OUT,mPMT_hardware_trigger v5,"John, Andrzej, XIaoyue",14:19,"Complete, good",Al200,LEP 5.1,-2.978567068620634,0.03644531094167032,0.29290252009049045,0.04364080012319584,33.16499362811667,0.0281427819131288,23.386811084817342,0.02789114152952976,"1.01, 1.01, 1.01, 1.015, 1.015, out",160993
2349,227574,0,4,7748,1.01,1.01,1.01,out,out,out,"pos. hadron, slit 1%",1200,1486,Collimators changed from 10 to 5 to reduce T0T1L1 rate to ~1000 per spill,23/05,19000,01:04,OUT,good_mpmt_beam v52,"John, Andrzej, XIaoyue",22:05,"Complete, good",Al200,LEE v5.1,-5.849210100381913,0.046054466252060146,-6.797011967827042,0.02991105284330995,26.905431893830524,0.03604105186467521,17.090428339735148,0.022278355888211365,"1.01, 1.01, 1.01, out, out, out",235326
2351,166409,0,21476,6494,1.01,1.01,1.01,out,out,out,"pos. hadron, slit 1%",1000,1364,Collimators position still at 5 for T0T1L1 rate ~900 per spill,24/05,19000,04:43,OUT,good_mpmt_beam v52,"Sahar, Jacek Holeczek",1:43,"Complete, good",Al200,LEE v5.1,-6.117826072433636,0.054600434176461786,-5.487282443145212,0.036950996203723614,28.367987683733418,0.04193222727463208,18.576942840652116,0.02630260496132486,"1.01, 1.01, 1.01, out, out, out",194379
2353,14236,0,237,284,1.01,1.01,1.01,out,out,out,"pos. hadron, slit 1%",800,1498,Collimators position changed to 6 for T0T1L1 rate ~900 per spill,24/05,19000,08:03,OUT,good_mpmt_beam v52,"John, Andrzej",7:16,"Complete, good",Al200,LEE v5.1,-3.629273732112274,0.13601344290236464,-3.566180093021384,0.14651822421920488,30.155530731556713,0.1458587087867187,20.743616278190814,0.08546921592596668,"1.01, 1.01, 1.01, out, out, out",14757
2368,160341,41338,575,38415,1.01,1.01,1.01,1.06,1.06,out,"pos. hadron, slit 1%",1000,1364,ACTEVD = 99,24/05,19000,01:59,OUT,good_mpmt_beam v52,"Xiaoyue, Rituparna, Dean",22:26,"Complete, good",Al200,LEP 5.1,-4.468359184564131,0.037472685742811304,-4.733276307753267,0.032431019743568594,30.539584984427194,0.025026403053667323,21.669450799245176,0.023183203979783684,"1.01, 1.01, 1.01, 1.06, 1.06, out",240669
2370,157328,23754,1,17663,1.01,1.01,1.01,1.06,1.06,out,"pos. hadron, slit 1%",800,1498,ACTEVD = 99,25/05,19000,05:29,OUT,good_mpmt_beam v52,"Sahar, Jacek Holeczek",2:28,"Complete, good",Al200,LEP 5.1,-4.377879676875059,0.052718225786717046,-2.9775400797619054,0.03229669121528735,32.91117791736907,0.018326268853531502,24.07856083265094,0.029678974907202615,"1.01, 1.01, 1.01, 1.06, 1.06, out",198746
2421,470051,22153,2,19390,1.01,1.01,1.01,1.11,1.11,out,"pos. hadron, slit 1 %",950,1521,"ACTEVD = 1, 0.8 second beam spill, collimators at 50",29/05,34000,03:28,OUT,mpmt_hardware_trigger_v5,"Anna, Ben",00:32,"Complete, good",Al200,LEE v5.1,-3.9858432430477837,0.02737170339716021,-2.8897229677377814,0.022235986762985098,31.025055403643933,0.01768467994743972,21.08420002469717,0.013784620985241247,"1.01, 1.01, 1.01, 1.11, 1.11, out",511596
2425,470384,21985,0,19049,1.01,1.01,1.01,1.11,1.11,out,"pos. hadron, slit 1 %",950,1521,"ACTEVD = 1, 0.8 second beam spill, collimators at 50",29/05,34000,09:37,OUT,mpmt_hardware_trigger_v5,"Bartosz, Jiri",07:54,"Complete, good",Al200,LEE v5.1,-3.6880992447802856,0.027467495776458024,-2.7759126328838515,0.022189755666058228,31.037802085294107,0.018525004215590002,21.115315126714943,0.014597602943986487,"1.01, 1.01, 1.01, 1.11, 1.11, out",511418
2446,1776,0,77195,59804,1.01,1.01,1.01,out,out,out,"pos. hadron, slit 2%",800,1528,"ACTEVD = 1, 0.8 second beam spill, collimators at 10",30/05,34000,18:52,OUT,good_mpmt_beam v56,"Adam, Loris, Blair",17:17,"Complete, good",Al200,LEP 5.1,4.439881143287805,0.014496960051232214,-2.105059670151835,0.01612772297156753,30.79075723300317,0.0069531044763735395,23.991709884011136,0.023154533733489302,"1.01, 1.01, 1.01, out, out, out",138775
2447,882,0,26882,36210,1.01,1.01,1.01,out,out,out,"pos. hadron, slit 2%",1000,1529,"ACTEVD = 1, 0.8 second beam spill, collimators at 7.5",30/05,34000,19:50,OUT,good_mpmt_beam v56,"Adam, Loris, Blair",19:00,"Complete, good",Al200,LEP 5.1,-4.502804112951918,0.05277319303469603,-4.734947093645663,0.040524859813816344,28.318757700164035,0.03438416712204173,21.288948953488287,0.03424661184779332,"1.01, 1.01, 1.01, out, out, out",63974
2448,1097,0,20706,79105,1.01,1.01,1.01,out,out,out,"pos. hadron, slit 2%",1200,1530,"ACTEVD = 1, 0.8 second beam spill, collimators at 5",30/05,34000,21:21,OUT,good_mpmt_beam v56,"Adam, Loris, Blair",20:10,"Complete, good",Al200,LEP 5.1,-5.3191022339004705,0.0373111374790748,-6.083686779066709,0.024854614459167913,26.476222754698416,0.02605438143934613,19.53447625477731,0.02492894402493384,"1.01, 1.01, 1.01, out, out, out",100908
2449,531,0,12709,76615,1.01,1.01,1.01,out,out,out,"pos. hadron, slit 2%",1400,1488,"ACTEVD = 1, 0.8 second beam spill, collimators at 5",30/05,34000,23:08,OUT,good_mpmt_beam v56,"Adam, Loris, Blair",21:25,"Complete, good",Al200,LEP 5.1,-5.378454274163878,0.06134955390639071,-6.809245333140289,0.04424285223294008,24.86860161129052,0.04799525896337009,17.567910406160667,0.033254868877802934,"1.01, 1.01, 1.01, out, out, out",89855
2450,271762,0,4455,6060,1.01,1.01,1.01,out,out,out,"pos. hadron, slit 2%",800,1528,"ACTEVD = 1, 0.8 second beam spill, collimators at 10",30/05,34000,01:40,OUT,good_mpmt_beam v56,"Anna, Ben, Blair",23:28,"Complete, good",Al200,LEE v5.1,5.179135494564944,0.03248422028087901,-2.83542719360681,0.024738352827134862,30.988359738617763,0.025122666857166465,23.45574435701256,0.018480797940494398,"1.01, 1.01, 1.01, out, out, out",282277
2452,253883,0,3621,5324,1.01,1.01,1.01,out,out,out,"pos. hadron, slit 2%",800,1528,"ACTEVD = 1, 0.8 second beam spill, collimators at 10",31/05,34000,05:40,OUT,good_mpmt_beam v56,"Anna, Ben",03:37,"Complete, good",Al200,LEE v5.1,5.462431982212456,0.03233432759754314,-2.927308609185692,0.024622655013749918,31.036569830750473,0.025157389420437326,23.47246486099447,0.018479127183535837,"1.01, 1.01, 1.01, out, out, out",262828
2453,247541,0,3844,5396,1.01,1.01,1.01,out,out,out,"pos. hadron, slit 2%",800,1528,"ACTEVD = 1, 0.8 second beam spill, collimators at 10",31/05,34000,07:50,OUT,good_mpmt_beam v56,"Anna, Ben",05:48,"Complete, good",Al200,LEE v5.1,5.5624130468581745,0.03235729761586673,-2.941797887126245,0.024690380823934526,31.028996852061148,0.024995428837495837,23.54428369974252,0.01853132605062413,"1.01, 1.01, 1.01, out, out, out",256781
2454,198550,0,3323,4250,1.01,1.01,1.01,out,out,out,"pos. hadron, slit 2%",800,1528,"ACTEVD = 1, 0.8 second beam spill, collimators at 10",31/05,34000,09:20,OUT,good_mpmt_beam v56,"David, Jiri, Grzegorz",08:11,"Complete, errors",Al200,LEE v5.1,5.242932457319988,0.036823589992307976,-2.88291174530964,0.02809900200161864,30.930348953391928,0.02841919509593005,23.45094137535398,0.021057737636120066,"1.01, 1.01, 1.01, out, out, out",206123
2457,129226,0,2358,2916,1.01,1.01,1.01,out,out,out,"pos. hadron, slit 1 %",800,1528,"ACTEVD = 1, 0.8 second beam spill, collimators at 10",31/05,34000,11:03,OUT,good_mpmt_beam v56,"David, Jiri, Grzegorz, Koki",10:03,"Complete, good",Al200,LEE v5.1,4.76360468648906,0.03245055461954978,-2.3253712785056195,0.03787795784835174,30.543369221534437,0.03979382602646808,22.336894997876854,0.0197561077234365,"1.01, 1.01, 1.01, out, out, out",134500
2458,228491,0,3868,5365,1.01,1.01,1.01,out,out,out,"pos. hadron, slit 1 %",800,1528,"ACTEVD = 1, 0.8 second beam spill, collimators at 10",31/05,34000,13:39,OUT,good_mpmt_beam v56,"David, Jiri, Grzegorz, Koki",11:50,"Complete, good",Al200,LEE v5.1,4.703196326265506,0.0264093382105513,-2.2307086595337253,0.028579093687023237,30.557191752360684,0.030362685098852538,22.203239304139114,0.015092136318060057,"1.01, 1.01, 1.01, out, out, out",237724
2459,750,0,15199,98487,1.01,1.01,1.01,out,out,out,"pos. hadron, slit 2%",1400,1488,"ACTEVD = 1, 0.8 second beam spill, collimators at 5mm",31/05,34000,15:20,OUT,good_mpmt_beam v56,"David, Jiri, Grzegorz",14:00,"Complete, good",Al200,LEP 5.1,-6.139514896931595,0.054716607927113727,-6.741698189837693,0.03974555504420021,24.7229000624312,0.04293222507799932,17.492969131168216,0.029670087156123515,"1.01, 1.01, 1.01, out, out, out",114436
2460,335,0,5166,21308,1.01,1.01,1.01,out,out,out,"pos. hadron, slit 2%",1200,1530,"ACTEVD = 1, 0.8 second beam spill, collimators at 7mm",31/05,34000,16:05,OUT,good_mpmt_beam v56,"Adam, Michał",15:40,"Complete, good",Al200,LEP 5.1,-6.539933688946669,0.06779328072106644,-6.151912909562552,0.07224360682329857,26.420750413330314,0.07148254901788853,19.464447534707496,0.052014655518652475,"1.01, 1.01, 1.01, out, out, out",26809
2461,1275,0,39215,53996,1.01,1.01,1.01,out,out,out,"pos. hadron, slit 2%",1000,1529,"ACTEVD = 1, 0.8 second beam spill, collimators at 7.5mm",31/05,34000,17:10,OUT,good_mpmt_beam v56,"Adam, Michał",16:10,"Complete, good",Al200,LEP 5.1,-4.924584294473547,0.0600213700950687,-4.9028002293345105,0.046391981426460234,28.116676578873733,0.04589111522660794,21.15722609244816,0.033309878454607755,"1.01, 1.01, 1.01, out, out, out",94486
2462,5164,0,49354,40090,1.01,1.01,1.01,out,out,out,"pos. hadron, slit 2%",800,1528,"ACTEVD = 1, 0.8 second beam spill, collimators at 10mm",31/05,34000,18:45,OUT,good_mpmt_beam v56,"Adam, Michał",17:15,"Complete, good",Al200,LEP 5.1,3.6693286549248616,0.06924387043698968,-1.811125003438635,0.05318015961533115,30.486516655877523,0.05312327662262817,23.241437194910986,0.03883937247482194,"1.01, 1.01, 1.01, out, out, out",94608
2464,580,0,12807,101696,1.01,1.01,1.01,out,out,out,"pos. hadron, slit 2%",1600,1533,"ACTEVD = 1, 0.8 second beam spill, collimators at 4mm",31/05,34000,21:20,OUT,good_mpmt_beam v56,"Adam, Michał",19:40,"Complete, good",Al200,LEP 5.1,-6.214320494417508,0.05660528774924061,-7.6384098834160135,0.03942659108686802,23.651145627286557,0.0443010920163065,15.956807222629024,0.029125126492747455,"1.01, 1.01, 1.01, out, out, out",115083
2465,597,0,95439,1633,1.01,1.01,1.01,out,out,out,"pos. hadron, slit 2%",1800,1531,"ACTEVD = 1, 0.8 second beam spill, collimators at 4mm",31/05,34000,23:15,OUT,good_mpmt_beam v56,"Adam, Michał",21:40,"Complete, good",Al200,LEP 5.1,-6.75719746106424,0.039930430237536625,-8.320028905404971,0.03258532650478183,22.982460118038123,0.03685133954018838,15.23389631083661,0.025632030568326414,"1.01, 1.01, 1.01, out, out, out",97669
2466,387,0,8401,90489,1.01,1.01,1.01,out,out,out,"pos. hadron, slit 2%",2000,1532,"ACTEVD = 1, 0.8 second beam spill, collimators at 5mm",31/05,34000,01:04,OUT,good_mpmt_beam v56,"Ben, Sahar",23:27,"Complete, good",Al200,LEP 5.1,-6.467333690940356,0.055440507493935205,-9.448928326154062,0.03425499643649189,22.481230097819445,0.04388784117981359,13.453840066496841,0.025553958123792242,"1.01, 1.01, 1.01, out, out, out",99277
2467,286293,0,5414,6641,1.01,1.01,1.01,out,out,out,"neg. hadron, slit 1%",800,1528,"ACTEVD = 1, 0.8 second beam spill, collimators at 14mm",31/05,34000,03:08,OUT,good_mpmt_beam v56,"Ben, Sahar",01:18,"Complete, good",Al200,LEE v5.1,5.107088388941484,0.033020480629404325,-3.425550340162823,0.024735835001668476,30.853462242422754,0.025343256444982032,23.00220184503211,0.01850740293948938,"1.01, 1.01, 1.01, out, out, out",298348
