run_number,particle,sigma_x,sigma_y,path
1566,electrons,29.629961560179442,17.583162317151476,/home/frantisek/cernbox/analysis_tools/analysis_examples/data/electrons/run1566_T5_electrons.parquet
1567,electrons,29.525395047850633,13.667880217404187,/home/frantisek/cernbox/analysis_tools/analysis_examples/data/electrons/run1567_T5_electrons.parquet
1570,electrons,27.07280222440153,12.307022176257268,/home/frantisek/cernbox/analysis_tools/analysis_examples/data/electrons/run1570_T5_electrons.parquet
1571,electrons,27.964873456526423,12.829335628999033,/home/frantisek/cernbox/analysis_tools/analysis_examples/data/electrons/run1571_T5_electrons.parquet
1589,electrons,27.11955696570482,18.026939458139896,/home/frantisek/cernbox/analysis_tools/analysis_examples/data/electrons/run1589_T5_electrons.parquet
1590,electrons,25.540244460015444,12.194936822784138,/home/frantisek/cernbox/analysis_tools/analysis_examples/data/electrons/run1590_T5_electrons.parquet
1593,electrons,32.7706140499731,17.894131869093066,/home/frantisek/cernbox/analysis_tools/analysis_examples/data/electrons/run1593_T5_electrons.parquet
1598,electrons,32.904577412573026,17.64989254702696,/home/frantisek/cernbox/analysis_tools/analysis_examples/data/electrons/run1598_T5_electrons.parquet
1602,electrons,33.20537249311969,17.786393877276833,/home/frantisek/cernbox/analysis_tools/analysis_examples/data/electrons/run1602_T5_electrons.parquet
1606,electrons,33.15967830662006,17.93970826674414,/home/frantisek/cernbox/analysis_tools/analysis_examples/data/electrons/run1606_T5_electrons.parquet
1608,electrons,32.997134099770136,17.942547054469777,/home/frantisek/cernbox/analysis_tools/analysis_examples/data/electrons/run1608_T5_electrons.parquet
1610,electrons,32.85434947878132,17.22619456888368,/home/frantisek/cernbox/analysis_tools/analysis_examples/data/electrons/run1610_T5_electrons.parquet
1612,electrons,33.104928473833816,17.36364620840541,/home/frantisek/cernbox/analysis_tools/analysis_examples/data/electrons/run1612_T5_electrons.parquet
1855,electrons,32.7520260067262,17.340346609696013,/home/frantisek/cernbox/analysis_tools/analysis_examples/data/electrons/run1855_T5_electrons.parquet
1856,electrons,32.684439117459306,17.103139127462004,/home/frantisek/cernbox/analysis_tools/analysis_examples/data/electrons/run1856_T5_electrons.parquet
1858,electrons,32.152529728734486,16.629869241723704,/home/frantisek/cernbox/analysis_tools/analysis_examples/data/electrons/run1858_T5_electrons.parquet
1859,electrons,32.99438652281203,17.17405066965435,/home/frantisek/cernbox/analysis_tools/analysis_examples/data/electrons/run1859_T5_electrons.parquet
1863,electrons,33.10792574653192,17.395865443598186,/home/frantisek/cernbox/analysis_tools/analysis_examples/data/electrons/run1863_T5_electrons.parquet
1864,electrons,32.94325518040946,17.16907808516736,/home/frantisek/cernbox/analysis_tools/analysis_examples/data/electrons/run1864_T5_electrons.parquet
1866,electrons,33.46445721371923,17.17694304751134,/home/frantisek/cernbox/analysis_tools/analysis_examples/data/electrons/run1866_T5_electrons.parquet
1868,electrons,33.19804918002611,17.146587501286195,/home/frantisek/cernbox/analysis_tools/analysis_examples/data/electrons/run1868_T5_electrons.parquet
1870,electrons,31.14722798469849,14.307981161559205,/home/frantisek/cernbox/analysis_tools/analysis_examples/data/electrons/run1870_T5_electrons.parquet
1871,electrons,31.459411294291694,14.038381354235844,/home/frantisek/cernbox/analysis_tools/analysis_examples/data/electrons/run1871_T5_electrons.parquet
1873,electrons,29.95507094173704,13.686171666746777,/home/frantisek/cernbox/analysis_tools/analysis_examples/data/electrons/run1873_T5_electrons.parquet
1875,electrons,29.425994097622265,12.940505149470038,/home/frantisek/cernbox/analysis_tools/analysis_examples/data/electrons/run1875_T5_electrons.parquet
1877,electrons,28.619212811797272,13.011722094847043,/home/frantisek/cernbox/analysis_tools/analysis_examples/data/electrons/run1877_T5_electrons.parquet
1878,electrons,26.884430509310533,2.811605273622721,/home/frantisek/cernbox/analysis_tools/analysis_examples/data/electrons/run1878_T5_electrons.parquet
1879,electrons,27.76495645989982,2.873556212057787,/home/frantisek/cernbox/analysis_tools/analysis_examples/data/electrons/run1879_T5_electrons.parquet
1881,electrons,27.10112312523929,2.8054540941140558,/home/frantisek/cernbox/analysis_tools/analysis_examples/data/electrons/run1881_T5_electrons.parquet
1882,electrons,28.70760508553363,13.459910450171115,/home/frantisek/cernbox/analysis_tools/analysis_examples/data/electrons/run1882_T5_electrons.parquet
2114,electrons,32.78544601914515,16.57933889709364,/home/frantisek/cernbox/analysis_tools/analysis_examples/data/electrons/run2114_T5_electrons.parquet
2115,electrons,33.81557334766455,17.0826427885021,/home/frantisek/cernbox/analysis_tools/analysis_examples/data/electrons/run2115_T5_electrons.parquet
2120,electrons,30.540550989207215,17.22105282605418,/home/frantisek/cernbox/analysis_tools/analysis_examples/data/electrons/run2120_T5_electrons.parquet
2121,electrons,33.401334335149855,16.938256282887433,/home/frantisek/cernbox/analysis_tools/analysis_examples/data/electrons/run2121_T5_electrons.parquet
2122,electrons,33.451843439981424,17.18334909098666,/home/frantisek/cernbox/analysis_tools/analysis_examples/data/electrons/run2122_T5_electrons.parquet
2124,electrons,33.43511611675679,16.86735843855992,/home/frantisek/cernbox/analysis_tools/analysis_examples/data/electrons/run2124_T5_electrons.parquet
2125,electrons,34.099400557024815,16.72486150725381,/home/frantisek/cernbox/analysis_tools/analysis_examples/data/electrons/run2125_T5_electrons.parquet
2127,electrons,33.322776286600664,17.26137808892897,/home/frantisek/cernbox/analysis_tools/analysis_examples/data/electrons/run2127_T5_electrons.parquet
2128,electrons,35.42223203368379,17.32795287801324,/home/frantisek/cernbox/analysis_tools/analysis_examples/data/electrons/run2128_T5_electrons.parquet
2132,electrons,34.17029048748962,17.19100467706762,/home/frantisek/cernbox/analysis_tools/analysis_examples/data/electrons/run2132_T5_electrons.parquet
2133,electrons,33.12788431367341,16.61718434449495,/home/frantisek/cernbox/analysis_tools/analysis_examples/data/electrons/run2133_T5_electrons.parquet
2138,electrons,33.89279355304152,16.474388866110495,/home/frantisek/cernbox/analysis_tools/analysis_examples/data/electrons/run2138_T5_electrons.parquet
2140,electrons,33.413359645009386,16.569377000606455,/home/frantisek/cernbox/analysis_tools/analysis_examples/data/electrons/run2140_T5_electrons.parquet
2142,electrons,33.535047061152746,16.646597353399027,/home/frantisek/cernbox/analysis_tools/analysis_examples/data/electrons/run2142_T5_electrons.parquet
2144,electrons,33.202771255059616,16.83747829100453,/home/frantisek/cernbox/analysis_tools/analysis_examples/data/electrons/run2144_T5_electrons.parquet
2147,electrons,33.43338080218262,16.72555171100338,/home/frantisek/cernbox/analysis_tools/analysis_examples/data/electrons/run2147_T5_electrons.parquet
2222,electrons,33.57547068236802,16.56439221893891,/home/frantisek/cernbox/analysis_tools/analysis_examples/data/electrons/run2222_T5_electrons.parquet
2223,electrons,33.58213422960152,16.504319656798504,/home/frantisek/cernbox/analysis_tools/analysis_examples/data/electrons/run2223_T5_electrons.parquet
2224,electrons,33.298703066979726,16.606620739838572,/home/frantisek/cernbox/analysis_tools/analysis_examples/data/electrons/run2224_T5_electrons.parquet
2225,electrons,33.44670196013504,16.539643021312305,/home/frantisek/cernbox/analysis_tools/analysis_examples/data/electrons/run2225_T5_electrons.parquet
2226,electrons,33.480057962040625,16.055369159563764,/home/frantisek/cernbox/analysis_tools/analysis_examples/data/electrons/run2226_T5_electrons.parquet
2227,electrons,33.56468391933625,16.274944631966992,/home/frantisek/cernbox/analysis_tools/analysis_examples/data/electrons/run2227_T5_electrons.parquet
2230,electrons,33.519885986689765,16.104334609189006,/home/frantisek/cernbox/analysis_tools/analysis_examples/data/electrons/run2230_T5_electrons.parquet
2238,electrons,33.20486623972255,16.13002617553451,/home/frantisek/cernbox/analysis_tools/analysis_examples/data/electrons/run2238_T5_electrons.parquet
2239,electrons,33.31793654381702,16.247910858582856,/home/frantisek/cernbox/analysis_tools/analysis_examples/data/electrons/run2239_T5_electrons.parquet
2240,electrons,33.24392760242535,16.067707446576676,/home/frantisek/cernbox/analysis_tools/analysis_examples/data/electrons/run2240_T5_electrons.parquet
2241,electrons,33.38463658250551,16.12966394259808,/home/frantisek/cernbox/analysis_tools/analysis_examples/data/electrons/run2241_T5_electrons.parquet
2242,electrons,33.449028389797576,16.32154206121285,/home/frantisek/cernbox/analysis_tools/analysis_examples/data/electrons/run2242_T5_electrons.parquet
2243,electrons,33.17665510393558,16.120317370682567,/home/frantisek/cernbox/analysis_tools/analysis_examples/data/electrons/run2243_T5_electrons.parquet
2274,electrons,31.605084054265223,15.324492361524022,/home/frantisek/cernbox/analysis_tools/analysis_examples/data/electrons/run2274_T5_electrons.parquet
2276,electrons,31.878950052087465,15.350655238259636,/home/frantisek/cernbox/analysis_tools/analysis_examples/data/electrons/run2276_T5_electrons.parquet
2277,electrons,31.448753025100093,15.26438312779345,/home/frantisek/cernbox/analysis_tools/analysis_examples/data/electrons/run2277_T5_electrons.parquet
2278,electrons,31.324216689619593,15.249328884035688,/home/frantisek/cernbox/analysis_tools/analysis_examples/data/electrons/run2278_T5_electrons.parquet
2279,electrons,31.446362836572185,14.911320744465348,/home/frantisek/cernbox/analysis_tools/analysis_examples/data/electrons/run2279_T5_electrons.parquet
2280,electrons,31.371435900718346,15.287372626766228,/home/frantisek/cernbox/analysis_tools/analysis_examples/data/electrons/run2280_T5_electrons.parquet
2284,electrons,33.432841673121345,17.07810207072453,/home/frantisek/cernbox/analysis_tools/analysis_examples/data/electrons/run2284_T5_electrons.parquet
2288,electrons,32.79159195238807,15.113914597715407,/home/frantisek/cernbox/analysis_tools/analysis_examples/data/electrons/run2288_T5_electrons.parquet
2292,electrons,31.51303373476937,19.0399446182164,/home/frantisek/cernbox/analysis_tools/analysis_examples/data/electrons/run2292_T5_electrons.parquet
2293,electrons,32.52837734699814,15.735628150554401,/home/frantisek/cernbox/analysis_tools/analysis_examples/data/electrons/run2293_T5_electrons.parquet
2295,electrons,31.64164462666256,15.53035117926881,/home/frantisek/cernbox/analysis_tools/analysis_examples/data/electrons/run2295_T5_electrons.parquet
2297,electrons,32.38982020944851,15.634192102462073,/home/frantisek/cernbox/analysis_tools/analysis_examples/data/electrons/run2297_T5_electrons.parquet
2299,electrons,31.588984748378156,15.675315017222553,/home/frantisek/cernbox/analysis_tools/analysis_examples/data/electrons/run2299_T5_electrons.parquet
2300,electrons,26.45782928369504,12.692066127468562,/home/frantisek/cernbox/analysis_tools/analysis_examples/data/electrons/run2300_T5_electrons.parquet
2301,electrons,69.33909680224275,53.53029361997437,/home/frantisek/cernbox/analysis_tools/analysis_examples/data/electrons/run2301_T5_electrons.parquet
2304,electrons,35.832530777192346,16.35715675286273,/home/frantisek/cernbox/analysis_tools/analysis_examples/data/electrons/run2304_T5_electrons.parquet
2344,electrons,32.419496795475204,15.809024110205156,/home/frantisek/cernbox/analysis_tools/analysis_examples/data/electrons/run2344_T5_electrons.parquet
2346,electrons,33.22331878587061,17.034445879620698,/home/frantisek/cernbox/analysis_tools/analysis_examples/data/electrons/run2346_T5_electrons.parquet
2347,electrons,32.602113985352574,17.027968609346175,/home/frantisek/cernbox/analysis_tools/analysis_examples/data/electrons/run2347_T5_electrons.parquet
2349,electrons,25.470692424151455,13.358691854686821,/home/frantisek/cernbox/analysis_tools/analysis_examples/data/electrons/run2349_T5_electrons.parquet
2351,electrons,27.006985180223012,14.116117103836281,/home/frantisek/cernbox/analysis_tools/analysis_examples/data/electrons/run2351_T5_electrons.parquet
2353,electrons,28.58653404778192,14.972575824879572,/home/frantisek/cernbox/analysis_tools/analysis_examples/data/electrons/run2353_T5_electrons.parquet
2368,electrons,29.453022610450272,15.529415646749316,/home/frantisek/cernbox/analysis_tools/analysis_examples/data/electrons/run2368_T5_electrons.parquet
2370,electrons,31.69200785331572,16.95636762845966,/home/frantisek/cernbox/analysis_tools/analysis_examples/data/electrons/run2370_T5_electrons.parquet
2421,electrons,30.144277485602398,15.728106187164776,/home/frantisek/cernbox/analysis_tools/analysis_examples/data/electrons/run2421_T5_electrons.parquet
2425,electrons,29.931689255438975,15.713143472501136,/home/frantisek/cernbox/analysis_tools/analysis_examples/data/electrons/run2425_T5_electrons.parquet
2446,electrons,31.427512917657598,15.892601835199143,/home/frantisek/cernbox/analysis_tools/analysis_examples/data/electrons/run2446_T5_electrons.parquet
2447,electrons,29.0144946421499,14.487616535711243,/home/frantisek/cernbox/analysis_tools/analysis_examples/data/electrons/run2447_T5_electrons.parquet
2448,electrons,26.169484985030394,13.830820246681949,/home/frantisek/cernbox/analysis_tools/analysis_examples/data/electrons/run2448_T5_electrons.parquet
2449,electrons,22.940238853966054,18.262913303789198,/home/frantisek/cernbox/analysis_tools/analysis_examples/data/electrons/run2449_T5_electrons.parquet
2450,electrons,29.167700159866726,14.770474931494567,/home/frantisek/cernbox/analysis_tools/analysis_examples/data/electrons/run2450_T5_electrons.parquet
2452,electrons,29.086105361902174,14.743485579209132,/home/frantisek/cernbox/analysis_tools/analysis_examples/data/electrons/run2452_T5_electrons.parquet
2453,electrons,29.37409310762701,14.881446182899712,/home/frantisek/cernbox/analysis_tools/analysis_examples/data/electrons/run2453_T5_electrons.parquet
2454,electrons,29.2315515672062,14.826837369993163,/home/frantisek/cernbox/analysis_tools/analysis_examples/data/electrons/run2454_T5_electrons.parquet
2457,electrons,29.315913383791393,14.834390063240539,/home/frantisek/cernbox/analysis_tools/analysis_examples/data/electrons/run2457_T5_electrons.parquet
2458,electrons,29.27812195969112,14.817918109632252,/home/frantisek/cernbox/analysis_tools/analysis_examples/data/electrons/run2458_T5_electrons.parquet
2459,electrons,26.94342078505556,11.31754349008978,/home/frantisek/cernbox/analysis_tools/analysis_examples/data/electrons/run2459_T5_electrons.parquet
2460,electrons,27.835415716862737,21.1083197902893,/home/frantisek/cernbox/analysis_tools/analysis_examples/data/electrons/run2460_T5_electrons.parquet
2461,electrons,27.952817188197315,13.558638641414612,/home/frantisek/cernbox/analysis_tools/analysis_examples/data/electrons/run2461_T5_electrons.parquet
2462,electrons,27.630383741272986,15.064420975849401,/home/frantisek/cernbox/analysis_tools/analysis_examples/data/electrons/run2462_T5_electrons.parquet
2464,electrons,22.70982674606825,3.2414353133286444,/home/frantisek/cernbox/analysis_tools/analysis_examples/data/electrons/run2464_T5_electrons.parquet
2465,electrons,20.282528975041277,2.7978208410513368,/home/frantisek/cernbox/analysis_tools/analysis_examples/data/electrons/run2465_T5_electrons.parquet
2466,electrons,22.715268659537198,9.38318975016341,/home/frantisek/cernbox/analysis_tools/analysis_examples/data/electrons/run2466_T5_electrons.parquet
2467,electrons,29.194902228953108,14.787749806187692,/home/frantisek/cernbox/analysis_tools/analysis_examples/data/electrons/run2467_T5_electrons.parquet
1566,protons,25.46386633773816,14.408019651674902,/home/frantisek/cernbox/analysis_tools/analysis_examples/data/protons/run1566_T5_protons.parquet
1567,protons,25.691419245657666,14.545073945699162,/home/frantisek/cernbox/analysis_tools/analysis_examples/data/protons/run1567_T5_protons.parquet
1570,protons,25.0029624977982,13.919925524626485,/home/frantisek/cernbox/analysis_tools/analysis_examples/data/protons/run1570_T5_protons.parquet
1571,protons,25.261163407303382,14.564192729394723,/home/frantisek/cernbox/analysis_tools/analysis_examples/data/protons/run1571_T5_protons.parquet
1589,protons,25.264209164718448,14.206086870510445,/home/frantisek/cernbox/analysis_tools/analysis_examples/data/protons/run1589_T5_protons.parquet
1590,protons,25.103068386394952,14.059637712556873,/home/frantisek/cernbox/analysis_tools/analysis_examples/data/protons/run1590_T5_protons.parquet
1593,protons,33.72419085011148,26.375684138626514,/home/frantisek/cernbox/analysis_tools/analysis_examples/data/protons/run1593_T5_protons.parquet
1598,protons,33.6876800520525,26.38491775429634,/home/frantisek/cernbox/analysis_tools/analysis_examples/data/protons/run1598_T5_protons.parquet
1602,protons,33.63172958455753,26.47280481217658,/home/frantisek/cernbox/analysis_tools/analysis_examples/data/protons/run1602_T5_protons.parquet
1606,protons,33.65709394694633,26.356476016996993,/home/frantisek/cernbox/analysis_tools/analysis_examples/data/protons/run1606_T5_protons.parquet
1608,protons,33.628132137090184,26.397085793290728,/home/frantisek/cernbox/analysis_tools/analysis_examples/data/protons/run1608_T5_protons.parquet
1610,protons,33.73745920166063,26.31570564964558,/home/frantisek/cernbox/analysis_tools/analysis_examples/data/protons/run1610_T5_protons.parquet
1612,protons,33.71708647211509,26.457592839261146,/home/frantisek/cernbox/analysis_tools/analysis_examples/data/protons/run1612_T5_protons.parquet
1855,protons,34.73188164333867,25.51952621311989,/home/frantisek/cernbox/analysis_tools/analysis_examples/data/protons/run1855_T5_protons.parquet
1856,protons,34.50974617728511,25.31445500046656,/home/frantisek/cernbox/analysis_tools/analysis_examples/data/protons/run1856_T5_protons.parquet
1858,protons,34.5674677524197,25.32395137515064,/home/frantisek/cernbox/analysis_tools/analysis_examples/data/protons/run1858_T5_protons.parquet
1859,protons,34.77551841110159,25.240267977100725,/home/frantisek/cernbox/analysis_tools/analysis_examples/data/protons/run1859_T5_protons.parquet
1863,protons,34.46544587935007,25.36367565531188,/home/frantisek/cernbox/analysis_tools/analysis_examples/data/protons/run1863_T5_protons.parquet
1864,protons,35.09490138783532,25.621664096745885,/home/frantisek/cernbox/analysis_tools/analysis_examples/data/protons/run1864_T5_protons.parquet
1866,protons,34.696910982103574,25.562764993058625,/home/frantisek/cernbox/analysis_tools/analysis_examples/data/protons/run1866_T5_protons.parquet
1868,protons,34.62769788105534,25.38098918594668,/home/frantisek/cernbox/analysis_tools/analysis_examples/data/protons/run1868_T5_protons.parquet
1870,protons,29.364866460831188,18.305130335456735,/home/frantisek/cernbox/analysis_tools/analysis_examples/data/protons/run1870_T5_protons.parquet
1871,protons,29.434157777162568,18.24365901810608,/home/frantisek/cernbox/analysis_tools/analysis_examples/data/protons/run1871_T5_protons.parquet
1873,protons,28.198345324576586,17.022336659390458,/home/frantisek/cernbox/analysis_tools/analysis_examples/data/protons/run1873_T5_protons.parquet
1875,protons,26.97505067821511,15.899356645078097,/home/frantisek/cernbox/analysis_tools/analysis_examples/data/protons/run1875_T5_protons.parquet
1877,protons,26.22131019072741,15.053807543987078,/home/frantisek/cernbox/analysis_tools/analysis_examples/data/protons/run1877_T5_protons.parquet
1878,protons,26.459565158184205,15.464484420988933,/home/frantisek/cernbox/analysis_tools/analysis_examples/data/protons/run1878_T5_protons.parquet
1879,protons,26.63263320692543,2.7937563762242754,/home/frantisek/cernbox/analysis_tools/analysis_examples/data/protons/run1879_T5_protons.parquet
1881,protons,26.468019080512036,15.474631222453107,/home/frantisek/cernbox/analysis_tools/analysis_examples/data/protons/run1881_T5_protons.parquet
1882,protons,26.70666174649913,15.5100052645552,/home/frantisek/cernbox/analysis_tools/analysis_examples/data/protons/run1882_T5_protons.parquet
2114,protons,33.888469489688305,25.033608014713092,/home/frantisek/cernbox/analysis_tools/analysis_examples/data/protons/run2114_T5_protons.parquet
2115,protons,33.801422084587244,20.347327777535437,/home/frantisek/cernbox/analysis_tools/analysis_examples/data/protons/run2115_T5_protons.parquet
2120,protons,31.82773184794963,23.763804423698776,/home/frantisek/cernbox/analysis_tools/analysis_examples/data/protons/run2120_T5_protons.parquet
2121,protons,33.945759083739155,20.58947435787387,/home/frantisek/cernbox/analysis_tools/analysis_examples/data/protons/run2121_T5_protons.parquet
2122,protons,33.979462947440794,20.37575236524227,/home/frantisek/cernbox/analysis_tools/analysis_examples/data/protons/run2122_T5_protons.parquet
2124,protons,33.91957563713413,20.297441481891575,/home/frantisek/cernbox/analysis_tools/analysis_examples/data/protons/run2124_T5_protons.parquet
2125,protons,34.12408170479387,20.335127486433244,/home/frantisek/cernbox/analysis_tools/analysis_examples/data/protons/run2125_T5_protons.parquet
2127,protons,34.12704067751901,20.454083956035067,/home/frantisek/cernbox/analysis_tools/analysis_examples/data/protons/run2127_T5_protons.parquet
2128,protons,34.130797965501465,20.46165134877341,/home/frantisek/cernbox/analysis_tools/analysis_examples/data/protons/run2128_T5_protons.parquet
2132,protons,33.83184700694471,25.11685264636092,/home/frantisek/cernbox/analysis_tools/analysis_examples/data/protons/run2132_T5_protons.parquet
2133,protons,33.916365907823106,25.353979315219867,/home/frantisek/cernbox/analysis_tools/analysis_examples/data/protons/run2133_T5_protons.parquet
2138,protons,34.2482185493633,25.069329556123567,/home/frantisek/cernbox/analysis_tools/analysis_examples/data/protons/run2138_T5_protons.parquet
2140,protons,34.24240257626758,25.011528780593842,/home/frantisek/cernbox/analysis_tools/analysis_examples/data/protons/run2140_T5_protons.parquet
2142,protons,34.181794265282086,24.859838168879627,/home/frantisek/cernbox/analysis_tools/analysis_examples/data/protons/run2142_T5_protons.parquet
2144,protons,34.05030504648592,25.025344961833188,/home/frantisek/cernbox/analysis_tools/analysis_examples/data/protons/run2144_T5_protons.parquet
2147,protons,33.931000399857155,25.106737806305926,/home/frantisek/cernbox/analysis_tools/analysis_examples/data/protons/run2147_T5_protons.parquet
2222,protons,33.76843409244247,16.77638198114654,/home/frantisek/cernbox/analysis_tools/analysis_examples/data/protons/run2222_T5_protons.parquet
2223,protons,33.72491984829908,15.442207645391319,/home/frantisek/cernbox/analysis_tools/analysis_examples/data/protons/run2223_T5_protons.parquet
2224,protons,30.832998484430714,16.41789733172992,/home/frantisek/cernbox/analysis_tools/analysis_examples/data/protons/run2224_T5_protons.parquet
2225,protons,34.03060850926653,16.67773975956864,/home/frantisek/cernbox/analysis_tools/analysis_examples/data/protons/run2225_T5_protons.parquet
2226,protons,32.992533132829124,16.74322099154957,/home/frantisek/cernbox/analysis_tools/analysis_examples/data/protons/run2226_T5_protons.parquet
2227,protons,34.144883675252814,15.819332133748059,/home/frantisek/cernbox/analysis_tools/analysis_examples/data/protons/run2227_T5_protons.parquet
2230,protons,31.39247768644691,16.452400426741733,/home/frantisek/cernbox/analysis_tools/analysis_examples/data/protons/run2230_T5_protons.parquet
2238,protons,33.053239816869734,16.146916689642072,/home/frantisek/cernbox/analysis_tools/analysis_examples/data/protons/run2238_T5_protons.parquet
2239,protons,31.788162775559975,15.731776599259804,/home/frantisek/cernbox/analysis_tools/analysis_examples/data/protons/run2239_T5_protons.parquet
2240,protons,32.259209731813456,16.3284913688306,/home/frantisek/cernbox/analysis_tools/analysis_examples/data/protons/run2240_T5_protons.parquet
2241,protons,31.719878856998157,16.166200745218344,/home/frantisek/cernbox/analysis_tools/analysis_examples/data/protons/run2241_T5_protons.parquet
2242,protons,32.329144868048715,16.26916042858795,/home/frantisek/cernbox/analysis_tools/analysis_examples/data/protons/run2242_T5_protons.parquet
2243,protons,32.32536571519052,16.3164468787676,/home/frantisek/cernbox/analysis_tools/analysis_examples/data/protons/run2243_T5_protons.parquet
2274,protons,31.73974467905266,15.237062702526913,/home/frantisek/cernbox/analysis_tools/analysis_examples/data/protons/run2274_T5_protons.parquet
2276,protons,31.14144008364837,15.422499502869856,/home/frantisek/cernbox/analysis_tools/analysis_examples/data/protons/run2276_T5_protons.parquet
2277,protons,31.989666930528582,15.074720824257685,/home/frantisek/cernbox/analysis_tools/analysis_examples/data/protons/run2277_T5_protons.parquet
2278,protons,30.969501450051542,15.063708646779565,/home/frantisek/cernbox/analysis_tools/analysis_examples/data/protons/run2278_T5_protons.parquet
2279,protons,30.950283871923535,16.025096439969214,/home/frantisek/cernbox/analysis_tools/analysis_examples/data/protons/run2279_T5_protons.parquet
2280,protons,31.95234839013763,15.407282924483386,/home/frantisek/cernbox/analysis_tools/analysis_examples/data/protons/run2280_T5_protons.parquet
2284,protons,32.26567334244137,21.551914010420735,/home/frantisek/cernbox/analysis_tools/analysis_examples/data/protons/run2284_T5_protons.parquet
2288,protons,32.27371967007811,21.437931207102043,/home/frantisek/cernbox/analysis_tools/analysis_examples/data/protons/run2288_T5_protons.parquet
2292,protons,32.355726698998716,21.38103904545621,/home/frantisek/cernbox/analysis_tools/analysis_examples/data/protons/run2292_T5_protons.parquet
2293,protons,31.717787884768086,21.02291643228781,/home/frantisek/cernbox/analysis_tools/analysis_examples/data/protons/run2293_T5_protons.parquet
2295,protons,31.55130836258535,20.977583371418824,/home/frantisek/cernbox/analysis_tools/analysis_examples/data/protons/run2295_T5_protons.parquet
2297,protons,31.65687594094447,21.1571244696194,/home/frantisek/cernbox/analysis_tools/analysis_examples/data/protons/run2297_T5_protons.parquet
2299,protons,31.416783111235414,21.149567994950665,/home/frantisek/cernbox/analysis_tools/analysis_examples/data/protons/run2299_T5_protons.parquet
2300,protons,32.00456421606379,21.734723260249794,/home/frantisek/cernbox/analysis_tools/analysis_examples/data/protons/run2300_T5_protons.parquet
2301,protons,31.95442307294758,21.63986887692222,/home/frantisek/cernbox/analysis_tools/analysis_examples/data/protons/run2301_T5_protons.parquet
2304,protons,4.367861359966965,0.3951414851154135,/home/frantisek/cernbox/analysis_tools/analysis_examples/data/protons/run2304_T5_protons.parquet
2344,protons,33.439505013264636,16.39909232397604,/home/frantisek/cernbox/analysis_tools/analysis_examples/data/protons/run2344_T5_protons.parquet
2346,protons,33.23153328166885,20.04985402528302,/home/frantisek/cernbox/analysis_tools/analysis_examples/data/protons/run2346_T5_protons.parquet
2347,protons,33.52861299761615,20.211483070050352,/home/frantisek/cernbox/analysis_tools/analysis_examples/data/protons/run2347_T5_protons.parquet
2349,protons,24.85987670011302,15.068833231629608,/home/frantisek/cernbox/analysis_tools/analysis_examples/data/protons/run2349_T5_protons.parquet
2351,protons,27.88330791456172,18.402212666560033,/home/frantisek/cernbox/analysis_tools/analysis_examples/data/protons/run2351_T5_protons.parquet
2353,protons,30.813733874435506,21.23246701113827,/home/frantisek/cernbox/analysis_tools/analysis_examples/data/protons/run2353_T5_protons.parquet
2368,protons,30.4484811509737,21.14806502839436,/home/frantisek/cernbox/analysis_tools/analysis_examples/data/protons/run2368_T5_protons.parquet
2370,protons,35.36332781007972,27.41721770293203,/home/frantisek/cernbox/analysis_tools/analysis_examples/data/protons/run2370_T5_protons.parquet
2421,protons,31.57444239825469,22.534765114281207,/home/frantisek/cernbox/analysis_tools/analysis_examples/data/protons/run2421_T5_protons.parquet
2425,protons,31.378032112530562,21.99923372056275,/home/frantisek/cernbox/analysis_tools/analysis_examples/data/protons/run2425_T5_protons.parquet
2446,protons,31.52613227432336,22.819365149554223,/home/frantisek/cernbox/analysis_tools/analysis_examples/data/protons/run2446_T5_protons.parquet
2447,protons,28.052941236358727,18.74403229344491,/home/frantisek/cernbox/analysis_tools/analysis_examples/data/protons/run2447_T5_protons.parquet
2448,protons,24.975060474086646,15.554833626716235,/home/frantisek/cernbox/analysis_tools/analysis_examples/data/protons/run2448_T5_protons.parquet
2449,protons,23.22069587837795,13.946165786623045,/home/frantisek/cernbox/analysis_tools/analysis_examples/data/protons/run2449_T5_protons.parquet
2450,protons,31.534938677892413,22.62993703199151,/home/frantisek/cernbox/analysis_tools/analysis_examples/data/protons/run2450_T5_protons.parquet
2452,protons,31.471949254700476,22.385026868365177,/home/frantisek/cernbox/analysis_tools/analysis_examples/data/protons/run2452_T5_protons.parquet
2453,protons,31.1178462688813,22.247047252548775,/home/frantisek/cernbox/analysis_tools/analysis_examples/data/protons/run2453_T5_protons.parquet
2454,protons,31.920350741825917,23.61236103131604,/home/frantisek/cernbox/analysis_tools/analysis_examples/data/protons/run2454_T5_protons.parquet
2457,protons,32.629261117055634,22.799353296537287,/home/frantisek/cernbox/analysis_tools/analysis_examples/data/protons/run2457_T5_protons.parquet
2458,protons,32.19582470264043,23.14201992447842,/home/frantisek/cernbox/analysis_tools/analysis_examples/data/protons/run2458_T5_protons.parquet
2459,protons,23.43346326982178,13.996800322505631,/home/frantisek/cernbox/analysis_tools/analysis_examples/data/protons/run2459_T5_protons.parquet
2460,protons,25.26873497102151,15.494380265975005,/home/frantisek/cernbox/analysis_tools/analysis_examples/data/protons/run2460_T5_protons.parquet
2461,protons,27.766816234390753,18.53508113719055,/home/frantisek/cernbox/analysis_tools/analysis_examples/data/protons/run2461_T5_protons.parquet
2462,protons,31.772896175890356,23.14859971986232,/home/frantisek/cernbox/analysis_tools/analysis_examples/data/protons/run2462_T5_protons.parquet
2464,protons,22.39085763585687,13.059071246884988,/home/frantisek/cernbox/analysis_tools/analysis_examples/data/protons/run2464_T5_protons.parquet
2465,protons,20.194253030146207,11.063290661466468,/home/frantisek/cernbox/analysis_tools/analysis_examples/data/protons/run2465_T5_protons.parquet
2466,protons,21.029678468055792,11.09411069779201,/home/frantisek/cernbox/analysis_tools/analysis_examples/data/protons/run2466_T5_protons.parquet
2467,protons,31.847895061717907,22.59972854252356,/home/frantisek/cernbox/analysis_tools/analysis_examples/data/protons/run2467_T5_protons.parquet
1566,pions,23.408449638974865,16.891435004280616,/home/frantisek/cernbox/analysis_tools/analysis_examples/data/pions/run1566_T5_pions.parquet
1567,pions,22.27259599486062,2.8227598365838693,/home/frantisek/cernbox/analysis_tools/analysis_examples/data/pions/run1567_T5_pions.parquet
1570,pions,27.155689287383606,12.83782003650422,/home/frantisek/cernbox/analysis_tools/analysis_examples/data/pions/run1570_T5_pions.parquet
1571,pions,27.44430091792867,13.001283731916601,/home/frantisek/cernbox/analysis_tools/analysis_examples/data/pions/run1571_T5_pions.parquet
1589,pions,24.655499639183205,19.81446092838032,/home/frantisek/cernbox/analysis_tools/analysis_examples/data/pions/run1589_T5_pions.parquet
1590,pions,28.181723754962984,22.133543472844327,/home/frantisek/cernbox/analysis_tools/analysis_examples/data/pions/run1590_T5_pions.parquet
1593,pions,32.93481882975738,17.291832525396092,/home/frantisek/cernbox/analysis_tools/analysis_examples/data/pions/run1593_T5_pions.parquet
1598,pions,33.081589822654244,17.46486512773612,/home/frantisek/cernbox/analysis_tools/analysis_examples/data/pions/run1598_T5_pions.parquet
1602,pions,33.19557685986849,17.48641781370271,/home/frantisek/cernbox/analysis_tools/analysis_examples/data/pions/run1602_T5_pions.parquet
1606,pions,33.10224023575518,17.64897401077227,/home/frantisek/cernbox/analysis_tools/analysis_examples/data/pions/run1606_T5_pions.parquet
1608,pions,33.0463191843127,17.635155466620418,/home/frantisek/cernbox/analysis_tools/analysis_examples/data/pions/run1608_T5_pions.parquet
1610,pions,33.20582181414118,17.24262856637317,/home/frantisek/cernbox/analysis_tools/analysis_examples/data/pions/run1610_T5_pions.parquet
1612,pions,32.933133509155184,17.25026211048855,/home/frantisek/cernbox/analysis_tools/analysis_examples/data/pions/run1612_T5_pions.parquet
1855,pions,33.02082307422214,16.609832374403876,/home/frantisek/cernbox/analysis_tools/analysis_examples/data/pions/run1855_T5_pions.parquet
1856,pions,33.00874576178027,16.815575545047388,/home/frantisek/cernbox/analysis_tools/analysis_examples/data/pions/run1856_T5_pions.parquet
1858,pions,33.12499730959934,16.843556863991004,/home/frantisek/cernbox/analysis_tools/analysis_examples/data/pions/run1858_T5_pions.parquet
1859,pions,33.47077225171127,16.93697111122463,/home/frantisek/cernbox/analysis_tools/analysis_examples/data/pions/run1859_T5_pions.parquet
1863,pions,33.253751273333535,16.90266446477892,/home/frantisek/cernbox/analysis_tools/analysis_examples/data/pions/run1863_T5_pions.parquet
1864,pions,33.184233062981505,16.94065554065018,/home/frantisek/cernbox/analysis_tools/analysis_examples/data/pions/run1864_T5_pions.parquet
1866,pions,33.40142159300239,17.00824701372796,/home/frantisek/cernbox/analysis_tools/analysis_examples/data/pions/run1866_T5_pions.parquet
1868,pions,33.28767502638646,17.033900633916055,/home/frantisek/cernbox/analysis_tools/analysis_examples/data/pions/run1868_T5_pions.parquet
1870,pions,24.794886508741193,28.82627067607013,/home/frantisek/cernbox/analysis_tools/analysis_examples/data/pions/run1870_T5_pions.parquet
1871,pions,19.866884694131254,2.9192793506476424,/home/frantisek/cernbox/analysis_tools/analysis_examples/data/pions/run1871_T5_pions.parquet
1873,pions,29.202208391308545,17.069507772624405,/home/frantisek/cernbox/analysis_tools/analysis_examples/data/pions/run1873_T5_pions.parquet
1875,pions,27.141714392641617,11.89877622084509,/home/frantisek/cernbox/analysis_tools/analysis_examples/data/pions/run1875_T5_pions.parquet
1877,pions,28.932929010819542,21.833961327649043,/home/frantisek/cernbox/analysis_tools/analysis_examples/data/pions/run1877_T5_pions.parquet
1878,pions,25.50113772869803,9.12217499118153,/home/frantisek/cernbox/analysis_tools/analysis_examples/data/pions/run1878_T5_pions.parquet
1879,pions,27.1568361331352,15.819044717567849,/home/frantisek/cernbox/analysis_tools/analysis_examples/data/pions/run1879_T5_pions.parquet
1881,pions,25.325827604945854,16.116593217703794,/home/frantisek/cernbox/analysis_tools/analysis_examples/data/pions/run1881_T5_pions.parquet
1882,pions,26.80293496574481,15.36731365859592,/home/frantisek/cernbox/analysis_tools/analysis_examples/data/pions/run1882_T5_pions.parquet
2114,pions,33.74617066333042,16.46804795513862,/home/frantisek/cernbox/analysis_tools/analysis_examples/data/pions/run2114_T5_pions.parquet
2115,pions,33.76187769626663,20.905497705329875,/home/frantisek/cernbox/analysis_tools/analysis_examples/data/pions/run2115_T5_pions.parquet
2120,pions,33.7975606100832,19.125958921332078,/home/frantisek/cernbox/analysis_tools/analysis_examples/data/pions/run2120_T5_pions.parquet
2121,pions,33.76788970666283,20.93198098637894,/home/frantisek/cernbox/analysis_tools/analysis_examples/data/pions/run2121_T5_pions.parquet
2122,pions,33.941588738547324,20.88384698184041,/home/frantisek/cernbox/analysis_tools/analysis_examples/data/pions/run2122_T5_pions.parquet
2124,pions,33.82270800897113,20.84086051184438,/home/frantisek/cernbox/analysis_tools/analysis_examples/data/pions/run2124_T5_pions.parquet
2125,pions,33.80328400384081,20.889480462309983,/home/frantisek/cernbox/analysis_tools/analysis_examples/data/pions/run2125_T5_pions.parquet
2127,pions,33.90143733076933,20.5458521328965,/home/frantisek/cernbox/analysis_tools/analysis_examples/data/pions/run2127_T5_pions.parquet
2128,pions,33.73681987570802,20.87658542327257,/home/frantisek/cernbox/analysis_tools/analysis_examples/data/pions/run2128_T5_pions.parquet
2132,pions,33.02607882244608,16.5852779748406,/home/frantisek/cernbox/analysis_tools/analysis_examples/data/pions/run2132_T5_pions.parquet
2133,pions,33.746459697179596,16.33845327721041,/home/frantisek/cernbox/analysis_tools/analysis_examples/data/pions/run2133_T5_pions.parquet
2138,pions,33.83768403165278,16.25246826369892,/home/frantisek/cernbox/analysis_tools/analysis_examples/data/pions/run2138_T5_pions.parquet
2140,pions,33.891530335801214,16.23071849461477,/home/frantisek/cernbox/analysis_tools/analysis_examples/data/pions/run2140_T5_pions.parquet
2142,pions,33.72962625173209,16.251824473202603,/home/frantisek/cernbox/analysis_tools/analysis_examples/data/pions/run2142_T5_pions.parquet
2144,pions,33.56916739073674,16.35678961925252,/home/frantisek/cernbox/analysis_tools/analysis_examples/data/pions/run2144_T5_pions.parquet
2147,pions,33.579351669639294,16.398352525627825,/home/frantisek/cernbox/analysis_tools/analysis_examples/data/pions/run2147_T5_pions.parquet
2222,pions,32.469692924186916,16.319162313230088,/home/frantisek/cernbox/analysis_tools/analysis_examples/data/pions/run2222_T5_pions.parquet
2223,pions,32.80042735803042,16.84265207440214,/home/frantisek/cernbox/analysis_tools/analysis_examples/data/pions/run2223_T5_pions.parquet
2224,pions,33.06624661087092,16.553845089826225,/home/frantisek/cernbox/analysis_tools/analysis_examples/data/pions/run2224_T5_pions.parquet
2225,pions,33.14033400062238,16.502300036704437,/home/frantisek/cernbox/analysis_tools/analysis_examples/data/pions/run2225_T5_pions.parquet
2226,pions,33.30688162848592,15.90420466304232,/home/frantisek/cernbox/analysis_tools/analysis_examples/data/pions/run2226_T5_pions.parquet
2227,pions,33.93171327070549,15.923546674770702,/home/frantisek/cernbox/analysis_tools/analysis_examples/data/pions/run2227_T5_pions.parquet
2230,pions,33.547494741977545,16.490953756074717,/home/frantisek/cernbox/analysis_tools/analysis_examples/data/pions/run2230_T5_pions.parquet
2238,pions,32.54259569021457,15.897696278808878,/home/frantisek/cernbox/analysis_tools/analysis_examples/data/pions/run2238_T5_pions.parquet
2239,pions,32.381034739450534,15.760583290582352,/home/frantisek/cernbox/analysis_tools/analysis_examples/data/pions/run2239_T5_pions.parquet
2240,pions,32.34538816453953,16.07406582801124,/home/frantisek/cernbox/analysis_tools/analysis_examples/data/pions/run2240_T5_pions.parquet
2241,pions,32.58851670362391,16.074837213974952,/home/frantisek/cernbox/analysis_tools/analysis_examples/data/pions/run2241_T5_pions.parquet
2242,pions,33.55646427287811,15.816993545725678,/home/frantisek/cernbox/analysis_tools/analysis_examples/data/pions/run2242_T5_pions.parquet
2243,pions,32.73352298663769,16.870634863271157,/home/frantisek/cernbox/analysis_tools/analysis_examples/data/pions/run2243_T5_pions.parquet
2274,pions,31.346311308939217,15.220175284948015,/home/frantisek/cernbox/analysis_tools/analysis_examples/data/pions/run2274_T5_pions.parquet
2276,pions,30.375686607153895,16.049420530487804,/home/frantisek/cernbox/analysis_tools/analysis_examples/data/pions/run2276_T5_pions.parquet
2277,pions,31.10590822966106,14.995574411952111,/home/frantisek/cernbox/analysis_tools/analysis_examples/data/pions/run2277_T5_pions.parquet
2278,pions,31.201507890411296,15.143787049737261,/home/frantisek/cernbox/analysis_tools/analysis_examples/data/pions/run2278_T5_pions.parquet
2279,pions,28.440619341285167,11.771126209025734,/home/frantisek/cernbox/analysis_tools/analysis_examples/data/pions/run2279_T5_pions.parquet
2280,pions,30.503781823391893,15.22737880394442,/home/frantisek/cernbox/analysis_tools/analysis_examples/data/pions/run2280_T5_pions.parquet
2284,pions,32.9106878239244,21.961806968831617,/home/frantisek/cernbox/analysis_tools/analysis_examples/data/pions/run2284_T5_pions.parquet
2288,pions,31.357138301009833,21.138305348995832,/home/frantisek/cernbox/analysis_tools/analysis_examples/data/pions/run2288_T5_pions.parquet
2292,pions,31.965931304839334,21.57878595946405,/home/frantisek/cernbox/analysis_tools/analysis_examples/data/pions/run2292_T5_pions.parquet
2293,pions,33.68380632914268,21.500443238196425,/home/frantisek/cernbox/analysis_tools/analysis_examples/data/pions/run2293_T5_pions.parquet
2295,pions,32.19054149587529,20.813199958461016,/home/frantisek/cernbox/analysis_tools/analysis_examples/data/pions/run2295_T5_pions.parquet
2297,pions,32.46190477208775,22.611565324471123,/home/frantisek/cernbox/analysis_tools/analysis_examples/data/pions/run2297_T5_pions.parquet
2299,pions,31.985404607440525,20.389308177070035,/home/frantisek/cernbox/analysis_tools/analysis_examples/data/pions/run2299_T5_pions.parquet
2300,pions,31.95087424417163,21.472575747363805,/home/frantisek/cernbox/analysis_tools/analysis_examples/data/pions/run2300_T5_pions.parquet
2301,pions,32.11290162612855,21.612513360379822,/home/frantisek/cernbox/analysis_tools/analysis_examples/data/pions/run2301_T5_pions.parquet
2304,pions,29.632064379273867,3.143260534255175,/home/frantisek/cernbox/analysis_tools/analysis_examples/data/pions/run2304_T5_pions.parquet
2344,pions,31.02029925124484,15.762568855542803,/home/frantisek/cernbox/analysis_tools/analysis_examples/data/pions/run2344_T5_pions.parquet
2346,pions,33.416123802719916,20.720805977996214,/home/frantisek/cernbox/analysis_tools/analysis_examples/data/pions/run2346_T5_pions.parquet
2347,pions,33.37481805354907,20.563555765768946,/home/frantisek/cernbox/analysis_tools/analysis_examples/data/pions/run2347_T5_pions.parquet
2351,pions,27.774558359419743,14.191571454496703,/home/frantisek/cernbox/analysis_tools/analysis_examples/data/pions/run2351_T5_pions.parquet
2353,pions,27.15265369064758,12.840047183938312,/home/frantisek/cernbox/analysis_tools/analysis_examples/data/pions/run2353_T5_pions.parquet
2368,pions,26.47544505451948,15.437513847441476,/home/frantisek/cernbox/analysis_tools/analysis_examples/data/pions/run2368_T5_pions.parquet
2370,pions,0.0,0.0,/home/frantisek/cernbox/analysis_tools/analysis_examples/data/pions/run2370_T5_pions.parquet
2421,pions,1.2862535820338747,0.0,/home/frantisek/cernbox/analysis_tools/analysis_examples/data/pions/run2421_T5_pions.parquet
2446,pions,29.293188239174313,14.785689073382807,/home/frantisek/cernbox/analysis_tools/analysis_examples/data/pions/run2446_T5_pions.parquet
2447,pions,26.729703070518337,14.146597412282443,/home/frantisek/cernbox/analysis_tools/analysis_examples/data/pions/run2447_T5_pions.parquet
2448,pions,24.735695033104424,13.58006804535637,/home/frantisek/cernbox/analysis_tools/analysis_examples/data/pions/run2448_T5_pions.parquet
2449,pions,24.20268553810081,12.857488564960741,/home/frantisek/cernbox/analysis_tools/analysis_examples/data/pions/run2449_T5_pions.parquet
2450,pions,28.834707349416075,14.95266145152953,/home/frantisek/cernbox/analysis_tools/analysis_examples/data/pions/run2450_T5_pions.parquet
2452,pions,28.236078563500502,14.568746720472545,/home/frantisek/cernbox/analysis_tools/analysis_examples/data/pions/run2452_T5_pions.parquet
2453,pions,28.635735827415214,14.083867043474585,/home/frantisek/cernbox/analysis_tools/analysis_examples/data/pions/run2453_T5_pions.parquet
2454,pions,29.97165625404464,14.943586747571214,/home/frantisek/cernbox/analysis_tools/analysis_examples/data/pions/run2454_T5_pions.parquet
2457,pions,28.888533366196697,13.761383102509848,/home/frantisek/cernbox/analysis_tools/analysis_examples/data/pions/run2457_T5_pions.parquet
2458,pions,28.52448946432688,14.567028383556483,/home/frantisek/cernbox/analysis_tools/analysis_examples/data/pions/run2458_T5_pions.parquet
2459,pions,23.2290362364485,12.983812685269774,/home/frantisek/cernbox/analysis_tools/analysis_examples/data/pions/run2459_T5_pions.parquet
2460,pions,25.154287007053295,14.22600335811475,/home/frantisek/cernbox/analysis_tools/analysis_examples/data/pions/run2460_T5_pions.parquet
2461,pions,26.326891196746402,14.070944661023507,/home/frantisek/cernbox/analysis_tools/analysis_examples/data/pions/run2461_T5_pions.parquet
2462,pions,29.25132611166738,14.71304848420344,/home/frantisek/cernbox/analysis_tools/analysis_examples/data/pions/run2462_T5_pions.parquet
2464,pions,22.821800239736515,12.18617473478265,/home/frantisek/cernbox/analysis_tools/analysis_examples/data/pions/run2464_T5_pions.parquet
2465,pions,21.72630902019923,12.401941048266412,/home/frantisek/cernbox/analysis_tools/analysis_examples/data/pions/run2465_T5_pions.parquet
2466,pions,21.93281520949679,10.701054491785781,/home/frantisek/cernbox/analysis_tools/analysis_examples/data/pions/run2466_T5_pions.parquet
2467,pions,28.81277233202831,14.258378633931537,/home/frantisek/cernbox/analysis_tools/analysis_examples/data/pions/run2467_T5_pions.parquet
1566,muons,26.844303633680816,12.972933584162332,/home/frantisek/cernbox/analysis_tools/analysis_examples/data/muons/run1566_T5_muons.parquet
1567,muons,27.026699678722835,13.00148272245974,/home/frantisek/cernbox/analysis_tools/analysis_examples/data/muons/run1567_T5_muons.parquet
1593,muons,33.429613546530696,17.44861878737039,/home/frantisek/cernbox/analysis_tools/analysis_examples/data/muons/run1593_T5_muons.parquet
1598,muons,33.44149092358254,17.538046473308768,/home/frantisek/cernbox/analysis_tools/analysis_examples/data/muons/run1598_T5_muons.parquet
1602,muons,33.390148858432006,17.56242910814162,/home/frantisek/cernbox/analysis_tools/analysis_examples/data/muons/run1602_T5_muons.parquet
1606,muons,32.890625923581794,17.694797494367716,/home/frantisek/cernbox/analysis_tools/analysis_examples/data/muons/run1606_T5_muons.parquet
1608,muons,33.390165489419466,17.611552198343915,/home/frantisek/cernbox/analysis_tools/analysis_examples/data/muons/run1608_T5_muons.parquet
1610,muons,32.95937264552301,17.248745749266668,/home/frantisek/cernbox/analysis_tools/analysis_examples/data/muons/run1610_T5_muons.parquet
1612,muons,33.104367646797606,17.548630367049494,/home/frantisek/cernbox/analysis_tools/analysis_examples/data/muons/run1612_T5_muons.parquet
1855,muons,32.25628368018536,16.00888996860393,/home/frantisek/cernbox/analysis_tools/analysis_examples/data/muons/run1855_T5_muons.parquet
1856,muons,32.94048399452568,17.30806014088877,/home/frantisek/cernbox/analysis_tools/analysis_examples/data/muons/run1856_T5_muons.parquet
1858,muons,32.83793581787871,16.62307588657156,/home/frantisek/cernbox/analysis_tools/analysis_examples/data/muons/run1858_T5_muons.parquet
1859,muons,33.414073614515594,16.99514690665038,/home/frantisek/cernbox/analysis_tools/analysis_examples/data/muons/run1859_T5_muons.parquet
1863,muons,34.05832749063876,17.27699610197109,/home/frantisek/cernbox/analysis_tools/analysis_examples/data/muons/run1863_T5_muons.parquet
1864,muons,33.188218224244245,16.284411870385995,/home/frantisek/cernbox/analysis_tools/analysis_examples/data/muons/run1864_T5_muons.parquet
1866,muons,33.57959434537003,17.24536815417993,/home/frantisek/cernbox/analysis_tools/analysis_examples/data/muons/run1866_T5_muons.parquet
1868,muons,33.77707103364136,16.845171080300542,/home/frantisek/cernbox/analysis_tools/analysis_examples/data/muons/run1868_T5_muons.parquet
2114,muons,33.614133016186166,17.248724858411325,/home/frantisek/cernbox/analysis_tools/analysis_examples/data/muons/run2114_T5_muons.parquet
2115,muons,34.71960657456857,17.85640602740371,/home/frantisek/cernbox/analysis_tools/analysis_examples/data/muons/run2115_T5_muons.parquet
2120,muons,33.536353185974,17.56938589894385,/home/frantisek/cernbox/analysis_tools/analysis_examples/data/muons/run2120_T5_muons.parquet
2121,muons,35.04359043553746,18.423303315575303,/home/frantisek/cernbox/analysis_tools/analysis_examples/data/muons/run2121_T5_muons.parquet
2122,muons,34.179721564627194,17.852181371546607,/home/frantisek/cernbox/analysis_tools/analysis_examples/data/muons/run2122_T5_muons.parquet
2124,muons,34.6798122442,17.753829174081652,/home/frantisek/cernbox/analysis_tools/analysis_examples/data/muons/run2124_T5_muons.parquet
2125,muons,34.932322324170286,18.290129831128656,/home/frantisek/cernbox/analysis_tools/analysis_examples/data/muons/run2125_T5_muons.parquet
2127,muons,34.21272064170346,17.423438400096316,/home/frantisek/cernbox/analysis_tools/analysis_examples/data/muons/run2127_T5_muons.parquet
2128,muons,33.5151009803462,17.91235792718662,/home/frantisek/cernbox/analysis_tools/analysis_examples/data/muons/run2128_T5_muons.parquet
2132,muons,30.588685311444735,16.531671046310933,/home/frantisek/cernbox/analysis_tools/analysis_examples/data/muons/run2132_T5_muons.parquet
2133,muons,33.56468503246716,16.49929285597124,/home/frantisek/cernbox/analysis_tools/analysis_examples/data/muons/run2133_T5_muons.parquet
2138,muons,34.57385940569101,16.11114327787543,/home/frantisek/cernbox/analysis_tools/analysis_examples/data/muons/run2138_T5_muons.parquet
2140,muons,34.13726068005562,15.857809042323506,/home/frantisek/cernbox/analysis_tools/analysis_examples/data/muons/run2140_T5_muons.parquet
2142,muons,33.94659337298137,16.157109841613487,/home/frantisek/cernbox/analysis_tools/analysis_examples/data/muons/run2142_T5_muons.parquet
2144,muons,33.77605349834638,15.948580487545893,/home/frantisek/cernbox/analysis_tools/analysis_examples/data/muons/run2144_T5_muons.parquet
2147,muons,33.712250229987106,15.907885468376811,/home/frantisek/cernbox/analysis_tools/analysis_examples/data/muons/run2147_T5_muons.parquet
2222,muons,34.600521955067634,17.5969241056632,/home/frantisek/cernbox/analysis_tools/analysis_examples/data/muons/run2222_T5_muons.parquet
2223,muons,30.31386889225826,13.961110660183095,/home/frantisek/cernbox/analysis_tools/analysis_examples/data/muons/run2223_T5_muons.parquet
2224,muons,33.425840646568275,15.972264565083414,/home/frantisek/cernbox/analysis_tools/analysis_examples/data/muons/run2224_T5_muons.parquet
2225,muons,33.20894804551861,16.070965168565078,/home/frantisek/cernbox/analysis_tools/analysis_examples/data/muons/run2225_T5_muons.parquet
2226,muons,30.251357262323978,15.840659540919765,/home/frantisek/cernbox/analysis_tools/analysis_examples/data/muons/run2226_T5_muons.parquet
2227,muons,34.38636102760404,16.07214189820545,/home/frantisek/cernbox/analysis_tools/analysis_examples/data/muons/run2227_T5_muons.parquet
2230,muons,33.24265678844274,15.50453505616399,/home/frantisek/cernbox/analysis_tools/analysis_examples/data/muons/run2230_T5_muons.parquet
2238,muons,31.582332169904145,15.729360368185812,/home/frantisek/cernbox/analysis_tools/analysis_examples/data/muons/run2238_T5_muons.parquet
2239,muons,34.18144398474993,17.088747743682053,/home/frantisek/cernbox/analysis_tools/analysis_examples/data/muons/run2239_T5_muons.parquet
2240,muons,33.371451795559786,18.024212616500343,/home/frantisek/cernbox/analysis_tools/analysis_examples/data/muons/run2240_T5_muons.parquet
2241,muons,33.036332391470346,15.938528709718627,/home/frantisek/cernbox/analysis_tools/analysis_examples/data/muons/run2241_T5_muons.parquet
2242,muons,33.564224484672586,17.400643041050625,/home/frantisek/cernbox/analysis_tools/analysis_examples/data/muons/run2242_T5_muons.parquet
2243,muons,33.77836959362656,16.009471832024072,/home/frantisek/cernbox/analysis_tools/analysis_examples/data/muons/run2243_T5_muons.parquet
2274,muons,31.82792346857799,14.912834074319552,/home/frantisek/cernbox/analysis_tools/analysis_examples/data/muons/run2274_T5_muons.parquet
2276,muons,31.017062699235193,14.80384573269359,/home/frantisek/cernbox/analysis_tools/analysis_examples/data/muons/run2276_T5_muons.parquet
2277,muons,31.10712353232351,14.894468269075533,/home/frantisek/cernbox/analysis_tools/analysis_examples/data/muons/run2277_T5_muons.parquet
2278,muons,31.214924046986944,15.115412361264605,/home/frantisek/cernbox/analysis_tools/analysis_examples/data/muons/run2278_T5_muons.parquet
2279,muons,27.816848036601876,3.369257575606238,/home/frantisek/cernbox/analysis_tools/analysis_examples/data/muons/run2279_T5_muons.parquet
2280,muons,30.72148510426535,15.225214027819476,/home/frantisek/cernbox/analysis_tools/analysis_examples/data/muons/run2280_T5_muons.parquet
2284,muons,30.656265123738635,15.185694045748702,/home/frantisek/cernbox/analysis_tools/analysis_examples/data/muons/run2284_T5_muons.parquet
2288,muons,23.392723504701596,18.244459296113263,/home/frantisek/cernbox/analysis_tools/analysis_examples/data/muons/run2288_T5_muons.parquet
2292,muons,33.81761816509189,28.310224631128435,/home/frantisek/cernbox/analysis_tools/analysis_examples/data/muons/run2292_T5_muons.parquet
2293,muons,29.544181298935086,17.07351791424055,/home/frantisek/cernbox/analysis_tools/analysis_examples/data/muons/run2293_T5_muons.parquet
2295,muons,29.898502520795326,17.478403564328328,/home/frantisek/cernbox/analysis_tools/analysis_examples/data/muons/run2295_T5_muons.parquet
2297,muons,29.910944455343966,17.08354512337079,/home/frantisek/cernbox/analysis_tools/analysis_examples/data/muons/run2297_T5_muons.parquet
2299,muons,29.64486304155926,18.38785300693172,/home/frantisek/cernbox/analysis_tools/analysis_examples/data/muons/run2299_T5_muons.parquet
2300,muons,25.84192702884848,12.291574978382828,/home/frantisek/cernbox/analysis_tools/analysis_examples/data/muons/run2300_T5_muons.parquet
2301,muons,49.78485528792676,32.05986880925791,/home/frantisek/cernbox/analysis_tools/analysis_examples/data/muons/run2301_T5_muons.parquet
2304,muons,0.0,0.0,/home/frantisek/cernbox/analysis_tools/analysis_examples/data/muons/run2304_T5_muons.parquet
2344,muons,31.848431524689666,14.6999727447385,/home/frantisek/cernbox/analysis_tools/analysis_examples/data/muons/run2344_T5_muons.parquet
2346,muons,31.61360187819776,15.757350167587004,/home/frantisek/cernbox/analysis_tools/analysis_examples/data/muons/run2346_T5_muons.parquet
2347,muons,31.93401394494283,17.061288263389137,/home/frantisek/cernbox/analysis_tools/analysis_examples/data/muons/run2347_T5_muons.parquet
2368,muons,28.72232530745325,15.224961031143138,/home/frantisek/cernbox/analysis_tools/analysis_examples/data/muons/run2368_T5_muons.parquet
2370,muons,31.736248723527986,16.927737503028514,/home/frantisek/cernbox/analysis_tools/analysis_examples/data/muons/run2370_T5_muons.parquet
2421,muons,30.43482313166752,14.936374884316386,/home/frantisek/cernbox/analysis_tools/analysis_examples/data/muons/run2421_T5_muons.parquet
2425,muons,29.924691026147038,14.994815547644931,/home/frantisek/cernbox/analysis_tools/analysis_examples/data/muons/run2425_T5_muons.parquet
